co_code,company_name,date,months,total_income,net_sales,raw_material_cost,employee_cost,power_fuel_cost,depreciation,EBITDA,PAT,inventories,trade_receivables,trade_payables,rm_pct_of_sales,power_pct_of_sales,EBITDA_margin_pct,PAT_margin_pct
34162,BHARTI AIRTEL LTD.,2003-06-30,3,222.0086,221.8095,,,,32.1287,36.5219,4.3889,,,,0.0,0.0,16.4507,1.9787
34162,BHARTI AIRTEL LTD.,2003-09-30,3,315.2114,249.6069,,,,46.4401,65.4737,19.0227,,,,0.0,0.0,20.7713,7.6211
34162,BHARTI AIRTEL LTD.,2003-12-31,3,,,,,,,,,,,,0.0,0.0,0.0,0
34162,BHARTI AIRTEL LTD.,2004-03-31,3,383.7916,345.0576,,,,54.2466,144.3814,37.5743,,,,0.0,0.0,37.6197,20.7272
34162,BHARTI AIRTEL LTD.,2004-06-30,3,380.779,379.5553,,,,46.2586,102.2983,54.2426,,,,0.0,0.0,26.8655,13.8367
34162,BHARTI AIRTEL LTD.,2004-09-30,3,420.9284,411.6482,,,,51.3123,144.1903,61.8572,,,,0.0,0.0,34.2553,15.4936
34162,BHARTI AIRTEL LTD.,2004-12-31,3,493.7586,490.7459,,,,64.8016,166.099,76.7888,,,,0.0,0.0,33.6397,14.9130
34162,BHARTI AIRTEL LTD.,2005-03-31,3,534.2184,533.0236,,,,71.4282,212.1904,86.0952,,,,0.0,0.0,39.7198,15.7563
34162,BHARTI AIRTEL LTD.,2005-06-30,3,579.8641,576.698,,,,72.2114,210.4534,109.6478,,,,0.0,0.0,36.2936,18.9880
34162,BHARTI AIRTEL LTD.,2005-09-30,3,624.5261,621.2016,,,,79.4235,226.4092,117.2543,,,,0.0,0.0,36.253,18.8545
34162,BHARTI AIRTEL LTD.,2005-12-31,3,667.1304,663.0927,,,,83.2043,238.8056,120.6954,,,,0.0,0.0,35.7959,18.1764
34162,BHARTI AIRTEL LTD.,2006-03-31,3,766.6601,763.3847,,,,98.6019,236.096,115.5099,,,,0.0,0.0,30.7954,15.1021
34162,BHARTI AIRTEL LTD.,2006-06-30,3,835.049,828.4548,,,,101.8749,321.8638,182.3278,,,,0.0,0.0,38.5443,22.0837
34162,BHARTI AIRTEL LTD.,2006-09-30,3,946.4452,938.6765,,,,122.4453,362.7762,191.3619,,,,0.0,0.0,38.3304,20.4288
34162,BHARTI AIRTEL LTD.,2006-12-31,3,1104.119,1100.9623,,78.1929,,160.2975,446.8584,234.1619,,,,0.0,0.0,40.4719,21.2688
34162,BHARTI AIRTEL LTD.,2007-03-31,3,1226.2825,1217.7829,,74.9952,,158.8284,506.9017,303.9511,,,,0.0,0.0,41.3365,24.9594
34162,BHARTI AIRTEL LTD.,2007-06-30,3,1526.0805,1440.5804,,86.6185,,193.4788,673.9446,353.8883,,,,0.0,0.0,44.1618,24.5657
34162,BHARTI AIRTEL LTD.,2007-09-30,3,1585.1562,1567.9053,,93.8523,,218.4779,675.9817,412.2608,,,,0.0,0.0,42.6445,26.2937
34162,BHARTI AIRTEL LTD.,2007-12-31,3,1779.3991,1762.2059,,94.8859,,250.0507,753.8362,367.4975,,,,0.0,0.0,42.3647,20.8544
34162,BHARTI AIRTEL LTD.,2008-03-31,3,1964.9649,1948.5364,,90.7309,,231.6889,806.7285,480.7306,,,,0.0,0.0,41.0556,24.6714
34162,BHARTI AIRTEL LTD.,2008-06-30,3,2022.9122,1986.4549,,93.7856,,232.8725,846.4806,516.114,,,,0.0,0.0,41.8447,25.9817
34162,BHARTI AIRTEL LTD.,2008-09-30,3,1970.2638,1958.4694,,96.9274,,241.8971,800.823,370.9222,,,,0.0,0.0,40.6455,19.2148
34162,BHARTI AIRTEL LTD.,2008-12-31,3,1991.8013,1987.4573,,95.1813,,256.7313,801.157,415.9973,,,,0.0,0.0,40.2227,20.9311
34162,BHARTI AIRTEL LTD.,2009-03-31,3,2009.6288,2001.7216,,94.754,,258.5592,795.1538,409.1284,,,,0.0,0.0,39.5672,20.4388
34162,BHARTI AIRTEL LTD.,2009-06-30,3,2261.5482,2183.2016,,107.2161,,300.8272,963.9529,564.1379,,,,0.0,0.0,42.6236,25.8399
34162,BHARTI AIRTEL LTD.,2009-09-30,3,2146.5186,2142.5961,,99.9816,,314.7057,891.5975,477.034,17.713,,,0.0,0.0,41.5369,22.2643
34162,BHARTI AIRTEL LTD.,2009-12-31,3,2219.6226,2210.015,,96.7617,,340.5747,883.8945,479.4124,,,,0.0,0.0,39.8218,21.6927
34162,BHARTI AIRTEL LTD.,2010-03-31,3,2375.0714,2362.5434,,99.9385,,372.6098,909.1608,482.9443,10.6378,,,0.0,0.0,38.2793,19.5337
34162,BHARTI AIRTEL LTD.,2010-06-30,3,2638.4048,2638.4048,,120.2848,,418.0653,953.1725,385.5083,,,,0.0,0.0,36.1268,13.8121
34162,BHARTI AIRTEL LTD.,2010-09-30,3,3310.9083,3310.9083,,191.6305,,560.5888,1116.7433,360.5897,44.3211,,,0.0,0.0,33.7292,10.8910
34162,BHARTI AIRTEL LTD.,2010-12-31,3,3494.7109,3494.7109,,195.5973,,600.2555,1108.7909,268.5837,,,,0.0,0.0,31.7277,7.6854
34162,BHARTI AIRTEL LTD.,2011-03-31,3,3624.0012,3624.0012,,211.9161,,660.1985,1218.7288,295.7579,47.5444,,,0.0,0.0,33.6294,8.1611
34162,BHARTI AIRTEL LTD.,2011-06-30,3,3786.4255,3786.4255,,206.1456,,698.166,1272.1674,268.7518,,,,0.0,0.0,33.5981,7.0978
34162,BHARTI AIRTEL LTD.,2011-09-30,3,3626.5625,3626.5625,,182.4365,,668.346,1220.6724,214.6583,50.5893,,,0.0,0.0,33.6592,5.9191
34162,BHARTI AIRTEL LTD.,2011-12-31,3,3514.077,3514.077,,161.4845,,680.5892,1130.2585,194.0662,,,,0.0,0.0,32.1637,5.5225
34162,BHARTI AIRTEL LTD.,2012-03-31,3,3723.7049,3723.7049,,173.221,,689.2077,1238.2211,200.306,25.9921,,,0.0,0.0,33.2524,5.3792
34162,BHARTI AIRTEL LTD.,2012-06-30,3,3326.9498,3314.3495,,159.1469,,640.746,991.6473,138.3366,,,,0.0,0.0,29.8065,4.1739
34162,BHARTI AIRTEL LTD.,2012-09-30,3,3572.2762,3554.2928,,175.4392,,675.5876,1105.2123,128.4662,24.8142,,,0.0,0.0,30.9386,3.6144
34162,BHARTI AIRTEL LTD.,2012-12-31,3,3562.7184,3545.4629,,180.9914,,683.4709,1073.9446,51.968,,,,0.0,0.0,30.144,1.4658
34162,BHARTI AIRTEL LTD.,2013-03-31,3,3617.3494,3601.2661,,191.805,,698.549,1130.0598,93.0627,20.3845,,,0.0,0.0,31.24,2.5842
34162,BHARTI AIRTEL LTD.,2013-06-30,3,3528.8084,3476.168,,187.1012,,658.7757,1173.4154,110.2983,,,,0.0,0.0,33.2525,4.2824
34162,BHARTI AIRTEL LTD.,2013-09-30,3,3373.6928,3347.7799,,191.4604,,617.9247,1084.7329,91.5107,26.0697,,,0.0,0.0,32.1527,2.3497
34162,BHARTI AIRTEL LTD.,2013-12-31,3,3575.2532,3547.1804,,187.0287,,632.9803,1173.8273,89.7912,,,,0.0,0.0,32.832,2.8383
34162,BHARTI AIRTEL LTD.,2014-03-31,3,3675.8449,3648.425,,188.76,,646.4746,1199.233,193.7588,23.3061,,,0.0,0.0,32.6247,4.6059
34162,BHARTI AIRTEL LTD.,2014-06-30,3,3877.9556,3851.537,,195.5443,,675.7831,1288.4162,226.3827,,,,0.0,0.0,33.2241,5.0866
47858,CIPLA LTD.,2012-06-30,3,368.8542,352.338,121.476,40.1107,,14.2156,114.6779,78.5472,,,,34.4771,0.0,31.0903,22.2931
47858,CIPLA LTD.,2012-09-30,3,417.93,405.7756,146.9038,47.9052,,14.8025,140.6133,89.3586,,,,36.2032,0.0,33.6452,22.0217
47858,CIPLA LTD.,2012-12-31,3,395.5516,386.2413,182.0948,50.3358,,15.5373,102.4886,62.272,,,,47.1454,0.0,25.9103,16.1226
47858,CIPLA LTD.,2013-03-31,3,374.2248,363.6925,141.0167,50.4777,,15.6403,88.7946,50.8214,438.7658,306.7484,152.2603,38.7736,0.0,23.7276,13.9737
47858,CIPLA LTD.,2013-06-30,3,442.7223,430.0639,134.8684,56.3735,,14.5609,130.7568,83.1133,,,,31.3601,0.0,29.5347,19.3258
47858,CIPLA LTD.,2013-09-30,3,404.8071,394.0874,155.7345,60.067,,14.3415,97.9042,56.3574,426.0926,276.8003,151.3299,39.5178,0.0,24.1854,14.3007
47858,CIPLA LTD.,2013-12-31,3,425.3202,416.8579,184.1325,65.0651,,14.7261,82.9507,46.9098,,,,44.1715,0.0,19.5031,11.2532
47858,CIPLA LTD.,2014-03-31,3,428.2771,415.5718,165.7243,70.1364,,17.2108,79.2769,44.1341,474.5239,268.6088,160.5418,39.8786,0.0,18.5107,10.6201
47858,CIPLA LTD.,2014-06-30,3,462.1392,455.3772,145.709,80.3573,,20.9942,94.4339,50.8047,,,,31.9974,0.0,20.4341,11.1566
48799,COAL INDIA LTD.,2010-06-30,3,2688.0671,2455.8709,231.1525,1023.9925,92.7466,91.9177,896.6294,544.8314,,,,9.4122,3.7765,33.3559,22.0878
48799,COAL INDIA LTD.,2010-09-30,3,2640.0668,2413.2707,278.3011,1135.176,92.7765,84.0992,647.0356,335.6947,,,,11.5321,3.8444,24.5083,13.4610
48799,COAL INDIA LTD.,2010-12-31,3,3087.2892,2809.3408,305.3427,1109.5172,102.5751,95.4448,1028.8668,583.2468,,,,10.8688,3.6512,33.3259,20.6993
48799,COAL INDIA LTD.,2011-03-31,3,3668.3337,3335.136,341.6886,1163.058,95.0377,115.4647,1444.9616,934.2091,1241.5364,759.8973,143.4668,10.2451,2.8496,39.3901,28.1308
48799,COAL INDIA LTD.,2011-06-30,3,3584.8907,3232.664,252.7569,1086.2596,103.1508,96.0452,1426.0208,920.9775,,,,7.8188,3.1909,39.7786,28.5806
48799,COAL INDIA LTD.,2011-09-30,3,3138.4363,2759.9694,258.9418,1265.2602,110.1609,120.3585,901.0674,540.8651,1030.1647,557.9878,,9.3821,3.9914,28.7107,19.7223
48799,COAL INDIA LTD.,2011-12-31,3,3271.9015,2914.3686,264.7529,1133.2622,94.2401,105.3285,1222.2543,765.6586,,,,9.0844,3.2336,37.3561,26.3059
48799,COAL INDIA LTD.,2012-03-31,3,4327.2082,3858.8697,346.2552,1896.445,105.0693,81.5393,1225.0065,787.4312,1206.4623,1125.2986,164.7398,8.973,2.7228,28.3094,20.6674
48799,COAL INDIA LTD.,2012-06-30,3,3314.6457,2944.9563,220.1303,1166.0432,91.6955,95.5916,1227.1408,799.4949,,,,7.4748,3.1136,37.0218,27.0855
48799,COAL INDIA LTD.,2012-09-30,3,3067.5459,2668.6799,230.1184,1254.7055,102.7583,70.9027,905.717,551.663,959.1399,1043.3415,149.5024,8.6229,3.8505,29.5258,21.1225
48799,COAL INDIA LTD.,2012-12-31,3,3604.9315,3170.2392,283.1635,1288.2962,125.6912,76.931,1219.3874,801.4877,,,,8.9319,3.9647,33.8255,25.3685
48799,COAL INDIA LTD.,2013-03-31,3,4068.1951,3658.6458,372.1551,1381.8308,105.0838,86.35,1534.2915,991.1551,1032.6096,1926.3605,153.8797,10.1719,2.8722,37.7143,27.1993
48799,COAL INDIA LTD.,2013-06-30,3,3200.8983,2820.8034,235.7756,1193.9356,89.5144,81.4522,1057.0106,639.7711,,,,8.3585,3.1734,33.0223,22.6500
48799,COAL INDIA LTD.,2013-09-30,3,2773.4192,2417.409,262.8745,1120.7552,90.9068,77.6335,779.2104,466.5948,768.1708,1711.1421,142.6055,10.8742,3.7605,28.0957,19.8057
48799,COAL INDIA LTD.,2013-12-31,3,3090.447,2734.2995,284.0917,1154.1666,98.0532,71.3516,1013.5842,627.1816,,,,10.3899,3.586,32.7973,23.0037
48799,COAL INDIA LTD.,2014-03-31,3,3672.7685,3277.6051,362.2955,1186.8702,93.8965,95.7305,1232.2811,722.3768,912.5889,1350.6785,131.95,11.0537,2.8648,33.5518,22.1731
48799,COAL INDIA LTD.,2014-06-30,3,3347.6638,2979.9651,262.9569,1194.7474,90.9834,86.7761,1084.4072,672.5972,,,,8.8242,3.0532,32.393,22.6591
62987,DR. REDDY'S LABORATORIES LTD.,2002-06-30,3,92.1426,89.31,27.4923,8.4405,,3.5269,34.6196,26.9633,,,,30.783,0.0,37.5718,30.3896
62987,DR. REDDY'S LABORATORIES LTD.,2002-09-30,3,100.7006,95.2983,36.5099,8.3461,,3.8665,28.6262,20.3874,,,,38.3112,0.0,28.4271,22.6129
62987,DR. REDDY'S LABORATORIES LTD.,2002-12-31,3,89.1421,85.0187,29.1151,8.199,,3.8056,22.1292,14.5098,,,,34.2455,0.0,24.8246,17.0666
62987,DR. REDDY'S LABORATORIES LTD.,2003-03-31,3,83.8226,85.0925,14.4077,12.2058,,4.3702,15.6734,14.0824,,,,16.9318,0.0,18.6984,14.0827
62987,DR. REDDY'S LABORATORIES LTD.,2003-06-30,3,104.4938,99.7474,32.8117,10.8866,,4.9455,28.4934,18.7801,,,,32.8948,0.0,27.2681,18.8277
62987,DR. REDDY'S LABORATORIES LTD.,2003-09-30,3,119.1023,114.1929,38.4772,13.7817,,5.4351,29.6442,19.3782,,,,33.6949,0.0,24.8897,16.9697
62987,DR. REDDY'S LABORATORIES LTD.,2003-12-31,3,111.8184,106.6682,37.547,12.2327,,5.6524,21.0086,12.6516,,,,35.1998,0.0,18.7881,11.8607
62987,DR. REDDY'S LABORATORIES LTD.,2004-03-31,3,106.4539,101.6599,31.1275,14.8262,,6.3757,2.5036,3.8276,,,,30.6193,0.0,2.3518,3.7651
62987,DR. REDDY'S LABORATORIES LTD.,2004-06-30,3,106.4661,102.8652,34.2869,15.0189,,6.1034,10.827,3.6031,,,,33.3319,0.0,10.1694,3.5028
62987,DR. REDDY'S LABORATORIES LTD.,2004-09-30,3,116.8378,113.7118,39.4008,15.851,,6.7703,18.2524,10.1761,,,,34.6496,0.0,15.622,8.9490
62987,DR. REDDY'S LABORATORIES LTD.,2004-12-31,3,103.6212,100.1946,33.2944,16.6119,,7.5397,5.648,-0.8049,,,,33.2297,0.0,5.4506,-0.8033
62987,DR. REDDY'S LABORATORIES LTD.,2005-03-31,3,98.3841,92.2019,27.6333,18.1598,,7.6562,-1.6091,-6.1479,,,,29.9705,0.0,-1.6355,-6.6678
62987,DR. REDDY'S LABORATORIES LTD.,2005-06-30,3,129.3216,123.4711,43.5737,17.1684,,7.9751,20.2818,7.0436,,,,35.2906,0.0,15.6832,5.7046
62987,DR. REDDY'S LABORATORIES LTD.,2005-09-30,3,132.4855,127.0752,46.3653,17.3579,,8.0676,30.6195,20.7006,,,,36.4865,0.0,23.1116,16.2901
62987,DR. REDDY'S LABORATORIES LTD.,2005-12-31,3,135.9608,122.0778,44.5367,17.2284,,8.2965,29.0149,13.9729,,,,36.4822,0.0,21.3406,11.4459
62987,DR. REDDY'S LABORATORIES LTD.,2006-03-31,3,161.2161,155.8184,58.8689,26.939,,12.0566,16.2156,-8.6889,,,,37.7804,0.0,10.0583,-5.5763
62987,DR. REDDY'S LABORATORIES LTD.,2006-06-30,3,298.2641,290.2498,152.7092,33.3532,,18.4147,60.0536,27.9923,,,,52.613,0.0,20.1344,9.6442
62987,DR. REDDY'S LABORATORIES LTD.,2006-09-30,3,429.956,421.4913,220.5828,34.3032,,17.9333,110.0562,63.4201,,,,52.3339,0.0,25.5971,15.0466
62987,DR. REDDY'S LABORATORIES LTD.,2006-12-31,3,343.5974,331.2169,130.3969,36.3687,,20.7552,73.9025,20.9524,,,,39.369,0.0,21.5084,7.1450
62987,DR. REDDY'S LABORATORIES LTD.,2007-03-31,3,397.908,380.584,111.842,38.4186,,27.0184,149.4475,102.4293,,,,29.3869,0.0,37.5583,26.1910
62987,DR. REDDY'S LABORATORIES LTD.,2007-06-30,3,307.2631,291.3992,96.3311,42.338,,22.9472,76.8078,45.9213,,,,33.0581,0.0,24.9974,15.7589
62987,DR. REDDY'S LABORATORIES LTD.,2007-09-30,3,328.8746,319.5017,128.5672,46.1577,,25.6148,61.5196,27.4145,,,,40.2399,0.0,18.7061,8.5804
62987,DR. REDDY'S LABORATORIES LTD.,2007-12-31,3,321.0624,314.318,140.6973,44.8073,,23.6055,54.6349,15.8595,,,,44.7627,0.0,17.0169,5.0457
62987,DR. REDDY'S LABORATORIES LTD.,2008-03-31,3,383.4828,371.3584,155.0994,59.4622,,29.2393,65.6694,22.7893,,,,41.7654,0.0,17.1245,6.1367
62987,DR. REDDY'S LABORATORIES LTD.,2008-06-30,3,361.4222,349.9953,146.177,56.0416,,27.5572,61.8916,21.4783,,,,41.7654,0.0,17.1245,6.1367
62987,DR. REDDY'S LABORATORIES LTD.,2008-09-30,3,357.6442,355.6119,156.0552,53.4896,,26.9423,55.4978,19.015,,,,43.8836,0.0,15.5176,5.3471
62987,DR. REDDY'S LABORATORIES LTD.,2008-12-31,3,381.416,379.574,126.5637,52.0004,,25.3773,73.0707,32.7208,,,,33.3436,0.0,19.1578,8.6204
62987,DR. REDDY'S LABORATORIES LTD.,2009-03-31,3,384.0559,387.3781,105.8956,49.8559,,26.0698,-182.4694,40.5668,,,,27.3365,0.0,-47.5112,-63.2374
62987,DR. REDDY'S LABORATORIES LTD.,2009-06-30,3,381.7004,380.7417,122.8482,66.2374,,,69.2119,51.1726,,,,32.2655,0.0,18.1325,13.4402
62987,DR. REDDY'S LABORATORIES LTD.,2009-09-30,3,386.3981,379.2014,128.8303,,,20.3762,77.5162,44.8544,271.1932,271.5792,,33.9741,0.0,20.0612,11.8287
62987,DR. REDDY'S LABORATORIES LTD.,2009-12-31,3,391.3103,370.9286,121.0358,55.3249,,,-110.8021,55.9511,,,,32.6305,0.0,-28.3156,-30.1623
62987,DR. REDDY'S LABORATORIES LTD.,2010-03-31,3,344.947,360.9521,120.0712,-126.2517,,-21.6933,3.5386,53.7188,293.8854,262.8599,,33.2651,0.0,1.0258,10.1519
62987,DR. REDDY'S LABORATORIES LTD.,2010-06-30,3,365.566,361.4621,119.3441,,,,56.4851,45.0021,,,,33.0171,0.0,15.4514,12.4500
62987,DR. REDDY'S LABORATORIES LTD.,2010-09-30,3,411.3818,406.5562,128.5442,76.6739,,,70.2008,62.3451,320.1442,290.7454,,31.6178,0.0,17.0646,15.3349
62987,DR. REDDY'S LABORATORIES LTD.,2010-12-31,3,424.787,420.4047,133.1935,,,,64.9504,60.4839,,,,31.6822,0.0,15.2901,14.3871
62987,DR. REDDY'S LABORATORIES LTD.,2011-03-31,3,461.4121,448.3868,148.9525,,,,86.9558,74.344,356.9477,391.5447,,33.2196,0.0,18.8456,16.5803
62987,DR. REDDY'S LABORATORIES LTD.,2011-06-30,3,445.3378,441.0793,141.5751,,,,62.2784,58.5796,,,,32.0974,0.0,13.9845,13.2810
62987,DR. REDDY'S LABORATORIES LTD.,2011-09-30,3,480.838,476.0414,160.9203,,,,78.8816,64.6116,,,,33.8038,0.0,16.405,13.5727
62987,DR. REDDY'S LABORATORIES LTD.,2011-12-31,3,532.6975,525.7863,149.2986,,,,147.0809,97.3957,,,,28.3953,0.0,27.6106,18.5238
62987,DR. REDDY'S LABORATORIES LTD.,2012-03-31,3,534.0739,528.2773,167.7245,,,,84.7505,88.7745,384.5637,503.5232,188.8282,31.7493,0.0,15.8687,12.8910
62987,DR. REDDY'S LABORATORIES LTD.,2012-06-30,3,457.6762,453.4374,161.1244,,,,70.2552,59.9643,,,,35.534,0.0,15.3504,13.2244
62987,DR. REDDY'S LABORATORIES LTD.,2012-09-30,3,542.1457,527.5722,175.778,,,,103.3187,87.2069,400.7834,480.6651,190.6794,33.3183,0.0,19.0574,14.1430
62987,DR. REDDY'S LABORATORIES LTD.,2012-12-31,3,529.1222,524.2841,172.6765,,,,83.3757,66.4806,,,,32.9357,0.0,15.7574,12.6803
62987,DR. REDDY'S LABORATORIES LTD.,2013-03-31,3,651.6666,593.4799,189.3218,,,,144.2977,84.5027,397.019,587.6697,218.031,31.9003,0.0,22.1429,17.6813
62987,DR. REDDY'S LABORATORIES LTD.,2013-06-30,3,494.2154,487.1755,148.7751,,,,72.0424,61.8071,,,,30.5383,0.0,14.5771,12.6868
62987,DR. REDDY'S LABORATORIES LTD.,2013-09-30,3,541.8833,526.6415,154.7714,,,,120.7035,108.2709,374.4865,522.1977,169.8422,29.3884,0.0,22.2748,20.5588
62987,DR. REDDY'S LABORATORIES LTD.,2013-12-31,3,574.6394,570.7871,143.8759,,,,140.6099,99.8897,,,,25.2066,0.0,24.4692,17.5003
62987,DR. REDDY'S LABORATORIES LTD.,2014-03-31,3,577.6887,570.5084,149.1395,,,,99.4575,78.9327,393.2261,541.4577,172.1375,26.1415,0.0,17.2165,13.8355
62987,DR. REDDY'S LABORATORIES LTD.,2014-06-30,3,600.9389,588.8998,142.9131,,,,117.34,92.1452,,,,24.2678,0.0,19.5261,15.6470
94080,HINDUSTAN UNILEVER LTD.,2007-06-30,3,866.6214,866.6214,,,,,121.5077,121.5077,,,,0.0,0.0,14.0209,14.0209
94080,HINDUSTAN UNILEVER LTD.,2008-06-30,3,999.8949,999.8949,,,,,130.2149,130.2149,,,,0.0,0.0,13.0229,13.0229
95632,HOUSING DEVELOPMENT FINANCE CORPN. LTD.,2011-06-30,3,1390.6867,1326.7204,,24.4182,,2.6911,895.8838,236.5435,,,,0.0,0.0,64.4202,17.8292
95632,HOUSING DEVELOPMENT FINANCE CORPN. LTD.,2011-09-30,3,1586.6474,1496.6151,,23.4873,,2.6092,956.7745,286.9549,,,,0.0,0.0,60.3016,19.1736
95632,HOUSING DEVELOPMENT FINANCE CORPN. LTD.,2011-12-31,3,1476.3365,1390.9235,,21.0927,,1.2531,912.1642,262.6947,,,,0.0,0.0,61.7857,18.8864
95632,HOUSING DEVELOPMENT FINANCE CORPN. LTD.,2012-03-31,3,1905.5561,1824.0685,,22.449,,3.8829,1084.0471,369.3719,,125.7139,359.9626,0.0,0.0,56.8888,20.2499
95632,HOUSING DEVELOPMENT FINANCE CORPN. LTD.,2012-06-30,3,1377.9297,1313.3286,,22.9199,,2.2881,929.7019,235.4863,,,,0.0,0.0,67.4709,17.9305
95632,HOUSING DEVELOPMENT FINANCE CORPN. LTD.,2012-09-30,3,1656.564,1569.1209,,23.9736,,2.421,1066.7603,307.6175,,60.7609,379.3828,0.0,0.0,64.396,19.6044
95632,HOUSING DEVELOPMENT FINANCE CORPN. LTD.,2012-12-31,3,1702.9022,1603.065,,24.8202,,2.4648,1079.0774,327.0215,,,,0.0,0.0,63.367,20.3998
95632,HOUSING DEVELOPMENT FINANCE CORPN. LTD.,2013-03-31,3,2101.0639,2000.2776,,24.4761,,2.7002,1176.74,403.4927,,39.7083,404.9669,0.0,0.0,56.0069,20.1718
95632,HOUSING DEVELOPMENT FINANCE CORPN. LTD.,2013-06-30,3,1525.7243,1450.1474,,26.0,,1.5429,1069.8384,315.1558,,,,0.0,0.0,70.12,21.7327
95632,HOUSING DEVELOPMENT FINANCE CORPN. LTD.,2013-09-30,3,1638.8056,1549.2431,,23.0596,,2.0188,1054.0359,313.3324,,850.11,344.2098,0.0,0.0,64.3173,20.2249
95632,HOUSING DEVELOPMENT FINANCE CORPN. LTD.,2013-12-31,3,1710.7719,1598.4238,,24.676,,1.99,1099.8655,324.9298,,,,0.0,0.0,64.2906,20.3281
95632,HOUSING DEVELOPMENT FINANCE CORPN. LTD.,2014-03-31,3,2094.7553,2002.5224,,23.8683,,2.0733,1252.0635,418.4466,,61.7907,459.447,0.0,0.0,59.7713,20.8960
95632,HOUSING DEVELOPMENT FINANCE CORPN. LTD.,2014-06-30,3,1771.6819,1678.7782,,28.9298,,,1198.6817,348.2531,,,,0.0,0.0,67.6578,20.7889
96379,I C I C I BANK LTD.,2002-06-30,3,605.7427,502.4966,,23.2302,,,484.9805,57.1084,,,,0.0,0.0,80.0638,9.4633
96379,I C I C I BANK LTD.,2002-09-30,3,960.1644,485.7911,,24.9827,,,486.0574,-49.024,,,,0.0,0.0,50.6223,11.6065
96379,I C I C I BANK LTD.,2002-12-31,3,645.6606,482.2559,,23.978,,,487.3536,61.4479,,,,0.0,0.0,75.4814,13.3082
96379,I C I C I BANK LTD.,2003-03-31,3,699.5116,536.394,,29.2311,,,525.0299,34.042,,,,0.0,0.0,75.0566,13.1899
96379,I C I C I BANK LTD.,2003-06-30,3,699.3278,510.2785,,32.0816,,,493.1876,68.8968,,,,0.0,0.0,70.5231,14.1345
96379,I C I C I BANK LTD.,2003-09-30,3,738.0879,496.4504,,32.8153,,,464.3374,76.1911,,,,0.0,0.0,62.9108,15.8673
96379,I C I C I BANK LTD.,2003-12-31,3,772.7639,499.3255,,39.9466,,,505.3311,92.2333,,,,0.0,0.0,65.3927,19.3611
96379,I C I C I BANK LTD.,2004-03-31,3,824.2178,521.3441,,50.7011,,,515.1617,98.0922,,,,0.0,0.0,62.5031,18.8152
96379,I C I C I BANK LTD.,2004-06-30,3,786.1802,503.9843,,50.3011,,,479.8499,71.8606,,,,0.0,0.0,61.0356,17.4186
96379,I C I C I BANK LTD.,2004-09-30,3,329.9485,329.9485,,,,14.9681,135.7974,95.8825,,,,0.0,0.0,41.1571,29.0598
96379,I C I C I BANK LTD.,2004-12-31,3,1438.2248,745.5867,,124.078,,-15.6888,845.5107,108.9576,,,,0.0,0.0,58.7885,12.3780
96379,I C I C I BANK LTD.,2005-03-31,3,1270.071,627.0794,,72.3529,,,617.171,138.2582,,,,0.0,0.0,48.5934,22.0779
96379,I C I C I BANK LTD.,2005-06-30,3,445.7864,445.7864,,,,14.6836,169.0914,121.599,,,,0.0,0.0,37.931,27.2774
96379,I C I C I BANK LTD.,2005-09-30,3,469.9828,469.9828,,,,14.5731,183.0747,132.0688,,,,0.0,0.0,38.9535,28.1008
96379,I C I C I BANK LTD.,2005-12-31,3,2796.67,1453.6855,,256.1479,,-28.0422,1711.356,115.4221,,,,0.0,0.0,61.1926,7.9400
96379,I C I C I BANK LTD.,2006-03-31,3,1767.9191,1010.1637,,121.8496,,,869.747,176.0806,,,,0.0,0.0,49.1961,17.4309
96379,I C I C I BANK LTD.,2006-06-30,3,1751.9297,3681.6732,,401.8391,,,2978.02,127.2899,,,,0.0,0.0,169.9851,3.4574
96379,I C I C I BANK LTD.,2006-09-30,3,1972.312,,,,,,158.8951,158.8951,,,,0.0,0.0,8.0563,ER
96379,I C I C I BANK LTD.,2006-12-31,3,2374.0179,,,,,,198.0352,198.0352,,,,0.0,0.0,8.3418,ER
96379,I C I C I BANK LTD.,2007-03-31,3,3118.5586,1600.5315,,178.4897,,,1332.9207,126.6607,,,,0.0,0.0,42.7416,7.9137
96379,I C I C I BANK LTD.,2007-06-30,3,3122.2043,,,,,,182.5694,182.5694,,,,0.0,0.0,5.8475,ER
96379,I C I C I BANK LTD.,2007-09-30,3,3433.4581,,,,,,222.588,222.588,,,,0.0,0.0,6.4829,ER
96379,I C I C I BANK LTD.,2007-12-31,3,3968.892,,,,,,283.93,283.93,,,,0.0,0.0,7.1539,ER
96379,I C I C I BANK LTD.,2008-03-31,3,4446.3968,2248.7344,,257.7837,,,1805.777,157.6244,,,,0.0,0.0,40.6121,7.0095
96379,I C I C I BANK LTD.,2008-06-30,3,3419.9673,,,,,,144.1546,144.1546,,,,0.0,0.0,4.2151,ER
96379,I C I C I BANK LTD.,2008-09-30,3,3421.6618,,,,,,142.9813,142.9813,,,,0.0,0.0,4.1787,ER
96379,I C I C I BANK LTD.,2008-12-31,3,3479.0438,,,,,,320.6618,320.6618,,,,0.0,0.0,9.217,ER
96379,I C I C I BANK LTD.,2009-03-31,3,3319.8456,1750.6461,,166.8658,,,1404.0358,146.0895,,,,0.0,0.0,42.2922,8.3449
96379,I C I C I BANK LTD.,2009-06-30,3,3059.2336,,,,,,216.7013,216.7013,,,,0.0,0.0,7.0835,ER
96379,I C I C I BANK LTD.,2009-09-30,3,3013.2497,,,,,,236.2915,236.2915,,,,0.0,0.0,7.8417,ER
96379,I C I C I BANK LTD.,2009-12-31,3,3040.2831,,,,,,246.335,246.335,,,,0.0,0.0,8.1024,ER
96379,I C I C I BANK LTD.,2010-03-31,3,3563.2379,1514.627,,227.9375,,,1396.1779,294.9141,,,,0.0,0.0,39.1828,19.4711
96379,I C I C I BANK LTD.,2010-06-30,3,2906.7874,,,,,,234.2987,234.2987,,,,0.0,0.0,8.0604,ER
96379,I C I C I BANK LTD.,2010-09-30,3,3144.112,,,,,,303.2135,303.2135,,,,0.0,0.0,9.6439,ER
96379,I C I C I BANK LTD.,2010-12-31,3,3413.6752,,,,,,451.6033,451.6033,,,,0.0,0.0,13.2292,ER
96379,I C I C I BANK LTD.,2011-03-31,3,4040.7184,1820.7471,,268.3937,,,1623.7789,348.5102,,,,0.0,0.0,40.1854,19.1411
96379,I C I C I BANK LTD.,2011-06-30,3,3288.5614,,,,,,371.6172,371.6172,,,,0.0,0.0,11.3003,ER
96379,I C I C I BANK LTD.,2011-09-30,3,3381.8466,,,,,,418.082,418.082,,,,0.0,0.0,12.3625,ER
96379,I C I C I BANK LTD.,2011-12-31,3,3132.3527,1835.4966,,234.1895,,,1794.8093,438.1498,,,,0.0,0.0,57.2991,23.8709
96379,I C I C I BANK LTD.,2012-03-31,3,3848.4649,2051.3244,,298.6507,,,1846.1737,359.7301,,,,0.0,0.0,47.9717,17.5365
96379,I C I C I BANK LTD.,2012-06-30,3,2969.7858,,,,,,370.6193,370.6193,,,,0.0,0.0,12.4797,ER
96379,I C I C I BANK LTD.,2012-09-30,3,3407.9585,,,,,,437.7502,437.7502,,,,0.0,0.0,12.8449,ER
96379,I C I C I BANK LTD.,2012-12-31,3,3424.6537,2076.6126,,251.5508,,,1962.5775,483.9265,,,,0.0,0.0,57.3073,23.3036
96379,I C I C I BANK LTD.,2013-03-31,3,3720.2771,2128.5213,,268.0271,,,1932.621,458.0621,,,,0.0,0.0,51.9483,21.5202
96379,I C I C I BANK LTD.,2013-06-30,3,3142.6446,,,,,,470.4741,470.4741,,,,0.0,0.0,14.9706,ER
96379,I C I C I BANK LTD.,2013-09-30,3,2982.7378,,,,,,423.1108,423.1108,,,,0.0,0.0,14.1853,ER
96379,I C I C I BANK LTD.,2013-12-31,3,3318.2621,2073.8407,,232.2521,,,1932.1066,463.9454,,,,0.0,0.0,58.2265,22.3713
96379,I C I C I BANK LTD.,2014-03-31,3,3548.8511,2105.425,,275.6679,,,1887.4373,446.4975,,,,0.0,0.0,53.1845,21.2070
100632,INFOSYS LTD.,2002-06-30,3,161.298,156.17,,263.1779,,8.271,60.9846,44.0342,,,,0.0,0.0,37.8086,28.1963
100632,INFOSYS LTD.,2002-09-30,3,185.5409,181.7818,,,,9.5765,65.2105,46.3445,,,,0.0,0.0,35.1461,25.4946
100632,INFOSYS LTD.,2002-12-31,3,206.6473,200.4612,,,,10.3968,75.2929,52.9518,,,,0.0,0.0,36.4355,26.4150
100632,INFOSYS LTD.,2003-03-31,3,221.8316,216.1306,,112.1448,,11.2088,77.4835,54.5202,,,,0.0,0.0,34.929,25.2256
100632,INFOSYS LTD.,2003-06-30,3,241.2041,234.366,,,,9.6641,80.5113,61.076,,,,0.0,0.0,33.3789,25.4791
100632,INFOSYS LTD.,2003-09-30,3,260.6209,251.2077,,,,13.8319,92.5617,65.6918,,,,0.0,0.0,35.5158,26.1313
100632,INFOSYS LTD.,2003-12-31,3,285.9057,275.7151,,,,13.9831,100.2963,72.5583,,,,0.0,0.0,35.0802,26.1342
100632,INFOSYS LTD.,2004-03-31,3,300.1835,299.7792,,,,14.3108,100.0093,74.6488,,,,0.0,0.0,33.3161,24.8420
100632,INFOSYS LTD.,2004-06-30,3,336.8252,333.3736,,,,11.541,110.9458,85.3174,,,,0.0,0.0,32.9387,25.5928
100632,INFOSYS LTD.,2004-09-30,3,385.9161,379.4083,,,,13.2326,128.2049,96.9671,,,,0.0,0.0,33.2209,25.5575
100632,INFOSYS LTD.,2004-12-31,3,437.0129,426.5536,,,,16.8257,150.9763,113.0049,,,,0.0,0.0,34.5473,26.4925
100632,INFOSYS LTD.,2005-03-31,3,472.6024,454.8684,,218.8144,2.9755,22.845,170.2815,127.924,,,,0.0,0.6541,36.0306,28.1117
100632,INFOSYS LTD.,2005-06-30,3,481.5778,475.1537,,,,18.3546,158.7669,122.0578,,,,0.0,0.0,32.9681,25.6881
100632,INFOSYS LTD.,2005-09-30,3,532.3739,522.3549,,,,21.8597,176.9267,139.3554,,,,0.0,0.0,33.2335,26.6783
100632,INFOSYS LTD.,2005-12-31,3,554.7097,554.7097,,,,25.6323,187.5322,143.7162,,,,0.0,0.0,33.8073,25.9084
100632,INFOSYS LTD.,2006-03-31,3,606.0892,589.9029,,,,32.3727,203.4535,152.8712,,,,0.0,0.0,33.5682,25.9146
100632,INFOSYS LTD.,2006-06-30,3,683.7403,654.6449,,,,23.0157,221.4719,176.0919,,,,0.0,0.0,32.3912,26.7993
100632,INFOSYS LTD.,2006-09-30,3,762.5594,748.2492,,,,26.4522,254.7646,201.6435,,,,0.0,0.0,33.4092,26.9487
100632,INFOSYS LTD.,2006-12-31,3,832.0918,818.8733,,,,31.5899,281.1726,220.4573,,,,0.0,0.0,33.7911,26.9220
100632,INFOSYS LTD.,2007-03-31,3,912.1986,856.7762,,,,32.9355,327.3103,231.6839,,,,0.0,0.0,35.8815,30.3552
100632,INFOSYS LTD.,2007-06-30,3,999.9534,925.3922,,503.0425,,35.3184,340.4305,252.1344,,,,0.0,0.0,34.0446,28.5979
100632,INFOSYS LTD.,2007-09-30,3,1056.0238,1017.8483,,545.1165,,35.6966,356.47,272.6822,,,,0.0,0.0,33.7559,26.7901
100632,INFOSYS LTD.,2007-12-31,3,1126.5213,1082.9108,,562.6268,,38.7931,393.002,312.1197,,,,0.0,0.0,34.8863,28.8223
100632,INFOSYS LTD.,2008-03-31,3,1176.0129,1125.4637,,596.9269,,38.9031,405.6328,304.5343,,,,0.0,0.0,34.4922,27.4989
100632,INFOSYS LTD.,2008-06-30,3,1186.8286,1133.5824,,614.8996,,39.4675,379.9626,296.8239,,,,0.0,0.0,32.015,26.8232
100632,INFOSYS LTD.,2008-09-30,3,1231.2352,1189.0967,,607.7166,,38.8465,408.217,314.2832,,,,0.0,0.0,33.1551,26.4304
100632,INFOSYS LTD.,2008-12-31,3,1242.5501,1189.5095,,617.5746,,38.4442,425.3535,337.7746,,,,0.0,0.0,34.2323,28.3616
100632,INFOSYS LTD.,2009-03-31,3,1152.0234,1099.9071,,585.3809,,44.5038,418.2965,314.8447,,,,0.0,0.0,36.3097,28.6247
100632,INFOSYS LTD.,2009-06-30,3,1201.7097,1145.4025,,602.4248,,,400.4304,319.214,,,,0.0,0.0,33.3217,27.8692
100632,INFOSYS LTD.,2009-09-30,3,1202.3394,1152.9989,,616.0338,,,398.853,316.8941,,694.896,,0.0,0.0,33.1731,27.4843
100632,INFOSYS LTD.,2009-12-31,3,1280.5061,1231.1816,,649.5818,,,431.9108,334.3341,,,,0.0,0.0,33.7297,27.1555
100632,INFOSYS LTD.,2010-03-31,3,1369.291,1306.4311,,703.7672,,,448.5911,351.6638,,767.9458,,0.0,0.0,32.7608,26.9179
100632,INFOSYS LTD.,2010-06-30,3,1386.6787,1331.0569,,726.3044,,,428.2232,319.5567,,,,0.0,0.0,30.8812,24.0077
100632,INFOSYS LTD.,2010-09-30,3,1568.0836,1510.0467,,800.3443,,,514.0723,377.566,,906.6366,,0.0,0.0,32.7835,25.0036
100632,INFOSYS LTD.,2010-12-31,3,1637.7651,1573.5477,,850.327,,,539.6476,394.162,,,,0.0,0.0,32.9502,25.0493
100632,INFOSYS LTD.,2011-03-31,3,1703.7309,1611.4871,,878.4272,,,559.4639,404.0943,,1034.2413,,0.0,0.0,32.8376,25.0759
100632,INFOSYS LTD.,2011-06-30,3,1767.5991,1668.8293,,946.4503,,,533.9808,383.9311,,,,0.0,0.0,30.2094,23.0060
100632,INFOSYS LTD.,2011-09-30,3,1788.2595,1700.0955,,937.8969,,,560.0512,400.0966,,1140.4641,,0.0,0.0,31.3182,23.5338
100632,INFOSYS LTD.,2011-12-31,3,1849.3343,1765.4118,,918.9711,,,630.5584,450.3718,,,,0.0,0.0,34.0965,25.5109
100632,INFOSYS LTD.,2012-03-31,3,1888.5996,1759.0366,,951.2549,,,655.565,460.2269,,1168.8492,,0.0,0.0,34.7117,26.1636
100632,INFOSYS LTD.,2012-06-30,3,1807.2461,1716.2235,,938.7828,,,565.5899,408.5311,,,,0.0,0.0,31.2957,23.8041
100632,INFOSYS LTD.,2012-09-30,3,1934.593,1805.3027,,994.7661,,,604.8808,433.8367,,1223.6795,5.3108,0.0,0.0,31.2666,24.0312
100632,INFOSYS LTD.,2012-12-31,3,1999.4876,1907.4457,,1062.9655,,,581.8954,433.4938,,,,0.0,0.0,29.1022,22.7264
100632,INFOSYS LTD.,2013-03-31,3,2045.4303,1921.5428,,1114.8036,,,576.4261,440.0396,,1301.9215,34.74,0.0,0.0,28.1812,22.9003
100632,INFOSYS LTD.,2013-06-30,3,2028.2142,1929.4064,,1115.3123,,,555.0019,406.5333,,,,0.0,0.0,27.3641,21.0704
100632,INFOSYS LTD.,2013-09-30,3,2127.1456,2033.6585,,1208.4308,,,525.0023,377.5562,,1308.6628,15.6858,0.0,0.0,24.6811,18.5654
100632,INFOSYS LTD.,2013-12-31,3,2222.0858,2104.0118,,1186.5554,,,644.4808,464.3815,,,,0.0,0.0,29.0034,22.0712
100632,INFOSYS LTD.,2014-03-31,3,2249.6476,2110.1714,,1191.6937,,,677.2216,490.3793,,1368.7023,28.3541,0.0,0.0,30.1035,23.2388
100632,INFOSYS LTD.,2014-06-30,3,2276.7187,2137.9291,,1231.3601,,,676.3691,483.1686,,,,0.0,0.0,29.7081,22.5998
127106,LARSEN & TOUBRO LTD.,2013-06-30,3,2997.8594,2952.4421,1259.3816,268.0209,,95.3247,366.13,68.2613,,,,42.6556,0.0,12.213,2.3120
127106,LARSEN & TOUBRO LTD.,2014-03-31,3,4524.3469,4384.1463,1677.4216,305.0284,,,765.5391,431.3994,,,,38.2611,0.0,16.9204,10.9101
127106,LARSEN & TOUBRO LTD.,2014-06-30,3,3265.0932,3176.7165,1113.7857,293.1524,,135.1617,509.475,168.7842,,,,35.0609,0.0,15.6037,5.3132
136444,MAHINDRA & MAHINDRA LTD.,2010-12-31,3,1393.5486,1358.342,923.32,80.1167,,26.2959,249.7725,160.7583,,,,67.974,0.0,17.9235,11.8349
136444,MAHINDRA & MAHINDRA LTD.,2011-06-30,3,1518.0483,1505.7902,1058.8315,93.7755,,29.2786,227.5962,137.8562,,,,70.3173,0.0,14.9927,9.1551
136444,MAHINDRA & MAHINDRA LTD.,2011-09-30,3,1583.8849,1531.7338,1082.6201,93.6532,,31.0106,253.7506,159.8539,,,,70.6794,0.0,16.0208,10.4361
136444,MAHINDRA & MAHINDRA LTD.,2011-12-31,3,1572.1639,1559.1483,1120.7422,89.7876,,31.2222,227.9694,134.0369,,,,71.8817,0.0,14.5004,8.5968
136444,MAHINDRA & MAHINDRA LTD.,2012-03-31,3,7442.9883,7379.6455,4140.0076,1043.505,,269.8925,921.7296,177.092,1422.3456,1062.1505,1995.8031,56.1004,0.0,12.3839,2.6232
136444,MAHINDRA & MAHINDRA LTD.,2012-06-30,3,1596.4091,1584.5993,1133.2036,85.8415,,32.1274,232.2256,138.9381,,,,71.5136,0.0,14.5467,8.7680
136444,MAHINDRA & MAHINDRA LTD.,2012-09-30,3,1754.1378,1694.4317,1203.2953,92.8454,,37.4429,294.0585,179.1183,632.8705,463.7163,1110.1367,71.0147,0.0,16.7637,10.5710
136444,MAHINDRA & MAHINDRA LTD.,2012-12-31,3,1888.1151,1874.2466,1351.2288,97.3412,,37.5835,266.2976,167.423,,,,72.0945,0.0,14.1039,8.9328
136444,MAHINDRA & MAHINDRA LTD.,2013-03-31,3,7568.6601,7411.1613,3991.5687,974.0333,,273.8759,1117.2777,184.7541,1547.1048,951.5754,2189.285,53.8589,0.0,14.7619,3.6152
136444,MAHINDRA & MAHINDRA LTD.,2013-06-30,3,1698.3691,1681.6591,1184.5154,94.5181,,39.1378,248.3381,147.2322,,,,70.4373,0.0,14.6222,8.7552
136444,MAHINDRA & MAHINDRA LTD.,2013-12-31,3,1670.0226,1654.2675,1141.6986,94.9228,,36.1038,263.2954,161.5434,,,,69.0154,0.0,15.766,9.7653
136444,MAHINDRA & MAHINDRA LTD.,2014-06-30,3,1682.8867,1658.663,1137.4084,104.4521,,46.9122,261.8285,150.0736,,,,68.5738,0.0,15.5583,9.0479
164646,TATA CONSULTANCY SERVICES LTD.,2004-06-30,3,463.1876,505.0037,,113.7449,,8.0258,132.8613,129.2581,,,,0.0,0.0,28.6841,20.3070
164646,TATA CONSULTANCY SERVICES LTD.,2004-09-30,3,531.2236,502.96,,115.5622,,7.9808,102.2797,99.362,,,,0.0,0.0,19.2536,14.1834
164646,TATA CONSULTANCY SERVICES LTD.,2004-12-31,3,613.2277,580.4631,,133.8255,,8.3469,199.1956,163.3932,,,,0.0,0.0,32.4831,28.1488
164646,TATA CONSULTANCY SERVICES LTD.,2005-03-31,3,593.1586,590.1694,,147.361,,11.1673,138.4733,131.3161,,,,0.0,0.0,23.3451,18.2974
164646,TATA CONSULTANCY SERVICES LTD.,2005-06-30,3,624.3349,615.4054,,154.7863,,12.1691,189.7793,146.8663,,,,0.0,0.0,30.397,23.8650
164646,TATA CONSULTANCY SERVICES LTD.,2005-09-30,3,675.4477,672.0185,,265.16,,14.3112,203.3427,159.1042,,,,0.0,0.0,30.1049,23.6756
164646,TATA CONSULTANCY SERVICES LTD.,2005-12-31,3,715.4309,715.3498,,283.3883,,15.5875,209.8148,166.1916,,,,0.0,0.0,29.327,23.2322
164646,TATA CONSULTANCY SERVICES LTD.,2006-03-31,3,843.9545,837.9049,,321.2048,,18.8526,229.5406,189.2725,,,,0.0,0.0,27.1982,22.5888
164646,TATA CONSULTANCY SERVICES LTD.,2006-06-30,3,917.5321,902.1398,,389.4497,,19.3158,239.2809,193.3189,,,,0.0,0.0,26.0787,21.4289
164646,TATA CONSULTANCY SERVICES LTD.,2006-09-30,3,978.203,974.5734,,417.9159,,22.3022,275.6011,222.5104,,,,0.0,0.0,28.1742,22.8316
164646,TATA CONSULTANCY SERVICES LTD.,2006-12-31,3,1100.2543,1091.855,,468.0998,,24.9717,319.6272,253.2705,,,,0.0,0.0,29.0503,23.1963
164646,TATA CONSULTANCY SERVICES LTD.,2007-03-31,3,1196.3862,1172.5227,,475.0792,,31.0933,356.4343,259.4133,,,,0.0,0.0,29.7926,23.4083
164646,TATA CONSULTANCY SERVICES LTD.,2007-06-30,3,1278.2774,1264.9153,,475.3445,,30.7123,368.0599,297.786,,,,0.0,0.0,28.7934,23.5420
164646,TATA CONSULTANCY SERVICES LTD.,2007-09-30,3,1428.416,1375.704,,479.8612,,33.349,396.9236,310.7709,,,,0.0,0.0,27.7877,22.5900
164646,TATA CONSULTANCY SERVICES LTD.,2007-12-31,3,1531.8408,1486.4731,,508.7703,,36.5619,427.8347,338.6308,,,,0.0,0.0,27.9294,22.7808
164646,TATA CONSULTANCY SERVICES LTD.,2008-03-31,3,1569.2611,1499.1265,,494.9091,,39.587,409.1638,311.4972,,,,0.0,0.0,26.0737,20.7786
164646,TATA CONSULTANCY SERVICES LTD.,2008-06-30,3,1507.4078,1497.1275,,533.419,,26.2027,374.3554,303.4587,,,,0.0,0.0,24.8344,20.2694
164646,TATA CONSULTANCY SERVICES LTD.,2008-09-30,3,1583.3004,1526.0666,,536.4147,,30.6953,362.2597,281.9353,,,,0.0,0.0,22.88,18.4746
164646,TATA CONSULTANCY SERVICES LTD.,2008-12-31,3,1547.5608,1496.0435,,520.2305,,30.2538,364.2169,282.4849,,,,0.0,0.0,23.5349,18.8821
164646,TATA CONSULTANCY SERVICES LTD.,2009-03-31,3,1443.9799,1399.8723,,517.6883,,32.1794,335.1252,263.966,,,,0.0,0.0,23.2084,18.8564
164646,TATA CONSULTANCY SERVICES LTD.,2009-06-30,3,1531.5321,1508.5717,,564.4038,,33.0727,416.5627,324.6668,,,,0.0,0.0,27.1991,21.5215
164646,TATA CONSULTANCY SERVICES LTD.,2009-09-30,3,1558.3405,1534.9709,,571.6975,,34.2617,435.4661,343.2345,5.7413,1242.3754,,0.0,0.0,27.9442,22.3610
164646,TATA CONSULTANCY SERVICES LTD.,2009-12-31,3,1654.3084,1640.2595,,581.6813,,36.009,501.4476,395.4879,,,,0.0,0.0,30.3116,24.1113
164646,TATA CONSULTANCY SERVICES LTD.,2010-03-31,3,1739.1358,1700.7715,,593.7821,,37.1489,555.6112,447.0153,3.9101,1286.9599,,0.0,0.0,31.9475,26.2831
164646,TATA CONSULTANCY SERVICES LTD.,2010-06-30,3,1785.2098,1764.7092,,652.6538,,34.6895,537.8905,416.1217,,,,0.0,0.0,30.1304,23.5802
164646,TATA CONSULTANCY SERVICES LTD.,2010-09-30,3,2043.0104,2018.5523,,741.4792,,37.4871,618.8257,477.9981,5.6885,1534.946,,0.0,0.0,30.2899,23.6802
164646,TATA CONSULTANCY SERVICES LTD.,2010-12-31,3,2182.8513,2139.8456,,786.6034,,41.717,685.1044,530.6727,,,,0.0,0.0,31.3858,24.7996
164646,TATA CONSULTANCY SERVICES LTD.,2011-03-31,3,2311.8883,2257.7468,,836.364,,47.3177,741.6419,590.4333,5.0723,1821.5295,571.7623,0.0,0.0,32.0795,26.1514
164646,TATA CONSULTANCY SERVICES LTD.,2011-06-30,3,2472.8461,2407.2657,,941.0949,,46.3593,741.774,544.1231,,,,0.0,0.0,29.9968,22.6034
164646,TATA CONSULTANCY SERVICES LTD.,2011-09-30,3,2484.5619,2442.0353,,944.8009,,48.6518,736.1273,488.609,3.8456,2145.6217,,0.0,0.0,29.6281,20.0083
164646,TATA CONSULTANCY SERVICES LTD.,2011-12-31,3,2547.5852,2507.0423,,920.1805,,44.5872,760.7201,538.4772,,,,0.0,0.0,29.8604,21.4786
164646,TATA CONSULTANCY SERVICES LTD.,2012-03-31,3,2679.256,2634.8449,,990.2073,,48.3695,799.4635,580.1025,3.5312,2289.2812,645.983,0.0,0.0,29.839,22.0166
164646,TATA CONSULTANCY SERVICES LTD.,2012-06-30,3,2703.6802,2653.7052,,1018.4919,,44.0907,804.9527,599.2629,,,,0.0,0.0,29.7725,22.5821
164646,TATA CONSULTANCY SERVICES LTD.,2012-09-30,3,2920.7667,2860.6393,,1089.0034,,48.6359,872.8816,635.405,4.1552,2308.8683,713.6421,0.0,0.0,29.8854,22.2120
164646,TATA CONSULTANCY SERVICES LTD.,2012-12-31,3,2994.483,2940.5716,,1123.8797,,50.764,893.2789,657.0331,,,,0.0,0.0,29.8308,22.3437
164646,TATA CONSULTANCY SERVICES LTD.,2013-03-31,3,3101.3304,3020.004,,1147.8636,,53.2827,930.0514,672.3231,3.8876,2590.8992,784.8126,0.0,0.0,29.9888,22.2623
164646,TATA CONSULTANCY SERVICES LTD.,2013-06-30,3,3142.3226,3080.1782,,1192.7574,,50.8852,925.1647,663.2041,,,,0.0,0.0,29.4421,21.5314
164646,TATA CONSULTANCY SERVICES LTD.,2013-09-30,3,3345.5949,3290.4391,,1193.6172,,51.4289,1036.3957,732.8464,4.0312,2704.5384,781.9366,0.0,0.0,30.9779,22.2720
164646,TATA CONSULTANCY SERVICES LTD.,2013-12-31,3,3549.818,3439.4858,,1244.3358,,56.4155,1190.4045,868.5647,,,,0.0,0.0,33.5342,25.2527
164646,TATA CONSULTANCY SERVICES LTD.,2014-03-31,3,3650.3065,3532.1549,,1242.5804,,61.4384,1214.4508,886.6244,2.4929,2987.9044,907.336,0.0,0.0,33.2698,25.1015
164646,TATA CONSULTANCY SERVICES LTD.,2014-06-30,3,3915.5627,3701.7865,,1428.4296,,69.8954,1277.308,856.3251,,,,0.0,0.0,32.6213,25.3477
196667,RELIANCE INDUSTRIES LTD.,2013-06-30,3,17110.7024,16696.8056,14199.7253,242.3103,,465.6125,1759.3611,901.086,,,,85.0446,0.0,10.2822,5.3968
196667,RELIANCE INDUSTRIES LTD.,2014-03-31,3,17297.3416,16951.5193,14236.7326,258.1375,,476.9397,1890.7136,965.1883,,,,83.985,0.0,10.9307,5.6938
196667,RELIANCE INDUSTRIES LTD.,2014-06-30,3,17857.9859,17518.6294,14722.5798,247.7788,,465.7571,1844.2777,998.4815,,,,84.0396,0.0,10.3275,5.6995
216946,SESA STERLITE LTD.,2006-12-31,3,146.5638,143.8282,36.3665,3.0447,,2.3144,72.1639,47.3333,,,,25.2847,0.0,49.2372,32.9096
216946,SESA STERLITE LTD.,2007-03-31,3,189.0177,186.133,36.229,3.4775,,2.6735,92.8189,60.1333,,,,19.464,0.0,49.1059,32.3066
216946,SESA STERLITE LTD.,2007-06-30,3,116.9605,114.3484,37.3689,5.2168,,2.6268,51.3246,32.6548,,,,32.6799,0.0,43.882,28.5573
216946,SESA STERLITE LTD.,2007-09-30,3,94.0456,89.3778,30.2256,3.6168,,2.6401,36.1725,23.4755,,,,33.8178,0.0,38.4628,26.2654
216946,SESA STERLITE LTD.,2007-12-31,3,303.7348,299.2546,53.1339,3.9224,,3.2328,196.3895,128.6765,,,,17.7554,0.0,64.6582,42.9990
216946,SESA STERLITE LTD.,2008-03-31,3,417.217,410.4622,41.2596,4.2446,,3.925,308.5436,201.6022,,,,10.052,0.0,73.9528,49.1159
216946,SESA STERLITE LTD.,2008-06-30,3,300.1378,285.8641,37.7581,6.6745,,2.709,202.284,148.5381,,,,13.2084,0.0,67.397,51.9611
216946,SESA STERLITE LTD.,2008-09-30,3,185.9977,176.0227,36.1821,4.7318,,2.559,102.2606,74.5764,,,,20.5553,0.0,54.9795,42.3675
216946,SESA STERLITE LTD.,2008-12-31,3,273.9141,261.4043,36.3061,5.0944,,2.7507,127.5834,96.7849,,,,13.8889,0.0,46.5779,37.0250
216946,SESA STERLITE LTD.,2009-03-31,3,295.3236,281.7675,41.9975,4.8818,,2.9337,158.1446,104.5468,,,,14.905,0.0,53.5496,37.9872
216946,SESA STERLITE LTD.,2009-06-30,3,226.6398,210.9094,33.9644,8.264,,3.1775,110.5736,88.7729,,,,16.1038,0.0,48.7883,42.0905
216946,SESA STERLITE LTD.,2009-09-30,3,128.6858,110.2544,40.5294,6.8891,,4.1764,49.9578,34.9802,104.6865,49.5387,,36.7599,0.0,38.8215,31.7268
216946,SESA STERLITE LTD.,2009-12-31,3,429.792,401.3811,47.5552,11.0465,,4.8145,250.5897,178.0806,,,,11.8479,0.0,58.3049,44.3670
216946,SESA STERLITE LTD.,2010-03-31,3,533.3158,504.9497,70.0624,9.7806,,3.6573,358.7125,267.0689,,,,13.8751,0.0,67.2608,52.8902
216946,SESA STERLITE LTD.,2010-06-30,3,525.3874,490.8246,66.5979,9.5438,,4.1104,348.0269,280.149,,,,13.5686,0.0,66.242,57.0772
216946,SESA STERLITE LTD.,2010-09-30,3,217.908,187.8918,57.6109,10.1206,,4.2213,95.6914,84.3166,169.1439,60.354,,30.6617,0.0,43.9137,44.8751
216946,SESA STERLITE LTD.,2010-12-31,3,500.9998,472.3876,63.7657,10.9767,,4.5971,301.0888,236.5614,,,,13.4986,0.0,60.0976,50.0778
216946,SESA STERLITE LTD.,2011-03-31,3,759.455,721.7395,75.2109,14.8901,,8.2375,506.0559,324.9114,163.9071,151.8154,218.7977,10.4208,0.0,66.6341,45.0178
216946,SESA STERLITE LTD.,2011-06-30,3,427.0865,393.1793,61.8526,12.1578,,5.9975,292.0641,187.415,,,,15.7314,0.0,68.3852,47.6665
216946,SESA STERLITE LTD.,2011-09-30,3,158.2355,147.469,54.0046,13.1196,,5.103,38.2968,0.0777,193.0665,68.7994,,36.621,0.0,24.2024,0.1822
216946,SESA STERLITE LTD.,2011-12-31,3,438.3226,411.7522,79.229,12.1137,,5.0012,206.6242,131.2989,,,,19.2419,0.0,47.1398,31.8879
216946,SESA STERLITE LTD.,2012-03-31,3,522.0376,407.7996,67.8914,17.4075,,5.6813,333.1578,244.0634,173.9066,109.1807,176.2156,16.6482,0.0,63.8187,56.6283
216946,SESA STERLITE LTD.,2012-06-30,3,371.0601,231.8062,59.2504,15.9022,,5.4042,214.9349,172.0453,,,,25.5603,0.0,57.9245,74.2195
216946,SESA STERLITE LTD.,2012-09-30,3,176.0875,53.9173,28.6398,11.898,0.5311,6.1166,123.1115,95.6016,179.3839,52.5915,89.1682,53.118,0.985,69.9149,177.3113
216946,SESA STERLITE LTD.,2012-12-31,3,183.2952,43.2872,16.4761,10.3808,26.6885,6.4722,116.0369,76.1222,,,,38.0622,61.6545,63.306,209.9806
216946,SESA STERLITE LTD.,2013-03-31,3,169.4318,53.6925,21.3605,11.0083,27.5052,18.0887,104.5857,38.2323,176.6316,26.1726,59.0414,39.783,51.2273,61.7273,101.8486
216946,SESA STERLITE LTD.,2013-06-30,3,192.1255,64.8004,16.2408,9.004,24.8869,6.6939,102.9981,51.7174,,,,25.0628,38.4054,53.6098,109.4844
216946,SESA STERLITE LTD.,2013-09-30,3,4337.2673,3977.3749,1578.0092,198.3527,420.6183,446.3947,1363.5708,477.4023,1573.5215,889.8091,649.7762,39.6746,10.5753,31.4385,15.6464
216946,SESA STERLITE LTD.,2013-12-31,3,3252.0081,3153.4317,1172.4624,128.7233,299.2991,323.7151,1146.8625,553.6688,,,,37.1805,9.4912,35.2663,18.2673
216946,SESA STERLITE LTD.,2014-03-31,3,3549.7443,3424.5272,1199.0904,106.5231,291.225,326.6857,1201.5423,585.6951,1480.6094,762.7331,677.6461,35.0148,8.5041,33.8487,16.6231
216946,SESA STERLITE LTD.,2014-06-30,3,3091.7351,2877.3395,948.1255,109.1231,291.279,345.6213,891.7642,500.7124,,,,32.9515,10.1232,28.8435,7.9329
236328,STATE BANK OF INDIA,2004-06-30,3,2805.2768,2326.3607,,495.1435,,,1916.906,315.6479,,,,0.0,0.0,68.3321,13.5683
236328,STATE BANK OF INDIA,2004-09-30,3,2850.9266,2387.4693,,479.0241,,,1822.2421,270.0393,,,,0.0,0.0,63.9175,11.3107
236328,STATE BANK OF INDIA,2004-12-31,3,3189.3844,2543.8445,,495.7799,,,1772.792,314.8607,,,,0.0,0.0,55.5841,12.3774
236328,STATE BANK OF INDIA,2005-03-31,3,3341.2589,2681.783,,536.759,,,1876.7727,350.5768,,,,0.0,0.0,56.1696,13.0725
236328,STATE BANK OF INDIA,2005-06-30,3,3322.9783,2851.7296,,494.0153,,,1984.1944,307.923,,,,0.0,0.0,59.7113,10.7978
236328,STATE BANK OF INDIA,2005-09-30,3,3184.1791,2725.4813,,612.312,,,1957.5968,369.6014,,,,0.0,0.0,61.4789,13.6405
236328,STATE BANK OF INDIA,2005-12-31,3,3392.2862,2871.5383,,688.1423,,,2214.1986,330.3918,,,,0.0,0.0,65.2716,11.5057
236328,STATE BANK OF INDIA,2006-03-31,3,3795.5573,2742.9853,,625.079,,,2115.6043,267.1041,,,,0.0,0.0,55.739,9.6597
236328,STATE BANK OF INDIA,2006-06-30,3,3065.6425,2785.6412,,567.1223,,,2001.9173,222.8572,,,,0.0,0.0,65.3017,8.0002
236328,STATE BANK OF INDIA,2006-09-30,3,3363.7432,2774.7859,,574.207,,,2274.8466,390.6615,,,,0.0,0.0,67.6284,14.0790
236328,STATE BANK OF INDIA,2006-12-31,3,3818.824,3076.479,,612.6091,,,2514.8753,352.7697,,,,0.0,0.0,65.8547,11.4667
236328,STATE BANK OF INDIA,2007-03-31,3,4928.6913,4061.0669,,591.2255,,,3139.8508,503.59,,,,0.0,0.0,63.7056,12.4004
236328,STATE BANK OF INDIA,2007-06-30,3,4631.2706,3997.8613,,680.3362,,,3288.976,471.8053,,,,0.0,0.0,71.0167,11.8014
236328,STATE BANK OF INDIA,2007-09-30,3,5310.9222,4228.6267,,683.3614,,,3791.4626,546.4948,,,,0.0,0.0,71.3899,12.9237
236328,STATE BANK OF INDIA,2007-12-31,3,6181.7926,4674.0644,,751.3692,,,4140.3423,619.2495,,,,0.0,0.0,66.9764,13.2486
236328,STATE BANK OF INDIA,2008-03-31,3,6326.3324,4882.2104,,486.5537,,,4187.7953,654.7413,,,,0.0,0.0,66.1963,13.4108
236328,STATE BANK OF INDIA,2008-06-30,3,5545.8734,4723.0453,,671.1303,,,3745.5955,392.347,,,,0.0,0.0,67.5384,8.3071
236328,STATE BANK OF INDIA,2008-09-30,3,5944.0501,4953.0441,,657.0999,,,4243.9404,620.7993,,,,0.0,0.0,71.3981,10.8917
236328,STATE BANK OF INDIA,2008-12-31,3,6037.6219,5045.9686,,776.9433,,,4635.3802,763.4694,,,,0.0,0.0,76.7749,15.1303
236328,STATE BANK OF INDIA,2009-03-31,3,6420.6564,4749.0865,,581.6,,,4410.9866,648.2971,,,,0.0,0.0,68.6999,13.6510
236328,STATE BANK OF INDIA,2009-06-30,3,6935.3576,5157.8926,,882.6297,,,4610.134,597.0766,,,,0.0,0.0,66.4729,11.5760
236328,STATE BANK OF INDIA,2009-09-30,3,6833.6915,5164.8386,,774.6377,,,4543.6251,646.8272,,,,0.0,0.0,66.4886,12.5237
236328,STATE BANK OF INDIA,2009-12-31,3,6912.1703,5350.3002,,880.4954,,,4547.4544,719.481,,,,0.0,0.0,65.7891,13.4475
236328,STATE BANK OF INDIA,2010-03-31,3,7777.4913,5598.7648,,935.5158,,,4413.7457,587.5181,,,,0.0,0.0,56.7502,10.4937
236328,STATE BANK OF INDIA,2010-06-30,3,7045.7237,5650.8606,,897.8106,,,4640.6984,744.578,,,,0.0,0.0,65.8655,13.1764
236328,STATE BANK OF INDIA,2010-09-30,3,8243.729,6068.6683,,1134.6609,,,4477.1352,632.0851,,,,0.0,0.0,54.3096,8.7292
236328,STATE BANK OF INDIA,2010-12-31,3,8185.9182,6495.3287,,1044.1971,,,5128.2798,842.9065,,,,0.0,0.0,62.6476,12.9771
236328,STATE BANK OF INDIA,2011-06-30,3,8723.4091,7450.517,,1143.8448,,,5556.9342,617.6497,,,,0.0,0.0,63.7014,8.2900
236328,STATE BANK OF INDIA,2011-09-30,3,8658.7697,7494.3103,,1076.7614,,,5670.9279,743.256,,,,0.0,0.0,65.4935,9.9176
236328,STATE BANK OF INDIA,2011-12-31,3,8194.0225,7255.3961,,1023.0977,,,5602.0134,840.7256,,,,0.0,0.0,68.3671,11.5876
236328,STATE BANK OF INDIA,2012-03-31,3,10631.6654,7910.1981,,1233.1161,,,6456.0122,1040.1546,,,,0.0,0.0,60.7244,13.1495
236328,STATE BANK OF INDIA,2012-06-30,3,8359.7144,7251.9739,,983.4499,,,5855.6113,896.8392,,,,0.0,0.0,70.0456,12.3668
236328,STATE BANK OF INDIA,2012-09-30,3,9151.2825,7627.0909,,1049.0424,,,6143.7906,866.115,,,,0.0,0.0,67.1358,11.3558
236328,STATE BANK OF INDIA,2012-12-31,3,9331.7792,7766.724,,1063.7633,,,6230.9685,881.222,,,,0.0,0.0,66.7715,11.3461
236328,STATE BANK OF INDIA,2013-03-31,3,9738.8584,7954.2352,,1350.8295,,,5977.8712,732.3699,,,,0.0,0.0,61.3816,9.2073
236328,STATE BANK OF INDIA,2013-06-30,3,9006.0535,7587.6256,,1245.4578,,,5937.6792,768.1305,,,,0.0,0.0,65.9299,10.1235
236328,STATE BANK OF INDIA,2013-09-30,3,8345.6451,7360.7175,,1200.4169,,,5409.6838,507.5535,,,,0.0,0.0,64.8204,6.8954
236328,STATE BANK OF INDIA,2013-12-31,3,9484.9258,7812.511,,1251.5123,,,5796.4216,478.3469,,,,0.0,0.0,61.1119,6.1228
236328,STATE BANK OF INDIA,2014-03-31,3,10288.8894,8105.856,,1179.1228,,,6245.8157,675.9744,,,,0.0,0.0,60.7045,8.3393
236328,STATE BANK OF INDIA,2014-06-30,3,10160.7883,8377.8944,,1245.2206,,,6542.6925,779.8134,,,,0.0,0.0,64.3916,9.3080
239726,SUN PHARMACEUTICAL INDS. LTD.,2003-06-30,3,49.423,48.5517,16.8297,4.9198,,1.3809,16.0183,13.6483,,,,34.6636,0.0,32.4107,28.1109
239726,SUN PHARMACEUTICAL INDS. LTD.,2003-09-30,3,56.0016,55.1662,22.1415,5.2497,,1.3631,20.87,18.0805,,,,40.136,0.0,37.2668,32.7746
239726,SUN PHARMACEUTICAL INDS. LTD.,2003-12-31,3,48.4154,52.9886,10.9737,5.6327,,1.6889,23.6253,22.3992,,,,20.7095,0.0,48.7972,42.2717
239726,SUN PHARMACEUTICAL INDS. LTD.,2004-03-31,3,56.5303,51.763,17.7053,2.6458,,1.7416,29.3659,25.9648,,,,34.2045,0.0,51.9472,50.1609
239726,SUN PHARMACEUTICAL INDS. LTD.,2004-06-30,3,62.0926,61.2885,17.7147,4.6072,,1.7027,23.1238,20.5972,,,,28.9038,0.0,37.2408,33.6070
239726,SUN PHARMACEUTICAL INDS. LTD.,2004-09-30,3,62.4993,62.2781,15.4063,6.2324,,2.0912,25.5889,22.5129,,,,24.7379,0.0,40.9427,36.1489
239726,SUN PHARMACEUTICAL INDS. LTD.,2004-12-31,3,71.3841,71.3431,24.9884,6.9599,,2.2965,29.047,24.6337,,,,35.0257,0.0,40.6912,34.5285
239726,SUN PHARMACEUTICAL INDS. LTD.,2005-03-31,3,72.5635,64.4038,27.7523,6.7819,,2.7146,28.4161,23.6622,,,,43.0912,0.0,39.1603,36.7404
239726,SUN PHARMACEUTICAL INDS. LTD.,2005-06-30,3,93.3352,88.5447,31.049,6.7659,,2.6522,35.8212,32.4187,,,,35.0659,0.0,38.3791,36.6129
239726,SUN PHARMACEUTICAL INDS. LTD.,2005-09-30,3,101.0896,94.5385,31.1273,10.0008,,2.9647,37.15,33.6639,,,,32.9255,0.0,36.7496,35.6087
239726,SUN PHARMACEUTICAL INDS. LTD.,2005-12-31,3,98.6779,92.8065,35.6202,10.6385,,3.8668,38.2009,32.794,,,,38.3811,0.0,38.7128,35.3359
239726,SUN PHARMACEUTICAL INDS. LTD.,2006-03-31,3,107.8461,89.4499,48.1926,9.7006,,4.1455,38.8248,32.1299,,,,53.8767,0.0,36.0002,35.9195
239726,SUN PHARMACEUTICAL INDS. LTD.,2006-06-30,3,114.2231,108.2759,36.2823,13.4533,,4.3752,45.2693,40.8616,,,,33.5091,0.0,39.6324,37.7384
239726,SUN PHARMACEUTICAL INDS. LTD.,2006-09-30,3,125.4374,116.2572,38.6375,13.354,,4.421,46.2219,41.3282,,,,33.2345,0.0,36.8486,35.9555
239726,SUN PHARMACEUTICAL INDS. LTD.,2006-12-31,3,132.7964,117.9155,41.4724,14.7375,,4.7385,53.7141,48.3326,,,,35.1713,0.0,40.4484,41.5345
239726,SUN PHARMACEUTICAL INDS. LTD.,2007-03-31,3,146.3743,120.6778,41.0399,15.089,,4.4611,59.1021,54.2367,,,,34.0078,0.0,40.3774,45.2785
239726,SUN PHARMACEUTICAL INDS. LTD.,2007-06-30,3,165.7612,150.9103,46.0881,18.1939,,5.5308,67.5441,59.6072,,,,30.5401,0.0,40.7478,39.4984
239726,SUN PHARMACEUTICAL INDS. LTD.,2007-09-30,3,173.6763,165.5677,47.0476,18.5944,,5.6966,62.474,56.7526,,,,28.4159,0.0,35.9715,34.2776
239726,SUN PHARMACEUTICAL INDS. LTD.,2007-12-31,3,211.8154,203.8463,48.3976,19.3611,,6.2094,94.4625,85.3119,,,,23.7422,0.0,44.5966,41.8511
239726,SUN PHARMACEUTICAL INDS. LTD.,2008-03-31,3,325.2843,311.5146,46.5449,19.4862,,6.6507,197.313,183.9794,,,,14.9415,0.0,60.6586,59.0596
239726,SUN PHARMACEUTICAL INDS. LTD.,2008-06-30,3,250.1214,239.1056,78.12,22.4661,,6.4619,136.6441,123.1924,,,,32.6718,0.0,54.6311,51.5222
239726,SUN PHARMACEUTICAL INDS. LTD.,2008-09-30,3,270.4657,258.5023,48.5405,24.2933,,6.2879,130.0303,117.4326,,,,18.7776,0.0,48.0764,45.4281
239726,SUN PHARMACEUTICAL INDS. LTD.,2008-12-31,3,197.8788,188.7817,56.9735,23.3687,,6.3854,94.0917,84.2196,,,,30.1796,0.0,47.5502,44.6122
239726,SUN PHARMACEUTICAL INDS. LTD.,2009-03-31,3,237.1564,224.9276,22.9936,23.2864,,7.0093,85.338,79.2031,,,,10.2227,0.0,35.9838,35.2127
239726,SUN PHARMACEUTICAL INDS. LTD.,2009-06-30,3,180.7546,164.8588,72.1821,26.1818,,7.8663,42.8123,34.2951,,,,43.7842,0.0,23.6853,20.8027
239726,SUN PHARMACEUTICAL INDS. LTD.,2009-09-30,3,265.0783,244.6732,57.7924,25.7851,,7.8243,112.7482,96.6744,207.3107,188.4167,,23.6202,0.0,42.5339,39.5116
239726,SUN PHARMACEUTICAL INDS. LTD.,2009-12-31,3,225.8932,218.9277,72.8501,24.9303,,7.6968,85.9725,72.6893,,,,33.2759,0.0,38.0589,33.2024
239726,SUN PHARMACEUTICAL INDS. LTD.,2010-03-31,3,243.1382,237.3951,36.4412,25.489,,9.218,95.2789,85.784,236.0214,258.2026,,15.3504,0.0,39.1871,36.2522
239726,SUN PHARMACEUTICAL INDS. LTD.,2010-06-30,3,297.5185,293.1547,88.0542,26.7607,,8.6332,134.7658,124.0494,,,,30.0368,0.0,45.2966,42.3154
239726,SUN PHARMACEUTICAL INDS. LTD.,2010-09-30,3,317.8858,297.8076,70.9094,31.6442,,7.647,121.5971,110.2093,298.7445,259.3359,,23.8105,0.0,38.2518,37.0069
239726,SUN PHARMACEUTICAL INDS. LTD.,2010-12-31,3,358.663,345.8173,93.9611,60.9777,,17.8192,110.3964,80.5131,,,,27.1707,0.0,30.78,23.2820
239726,SUN PHARMACEUTICAL INDS. LTD.,2011-03-31,3,354.5449,325.6426,133.6134,56.4598,,10.7158,127.901,112.0128,331.0728,245.584,143.4512,41.0307,0.0,36.0747,34.3975
239726,SUN PHARMACEUTICAL INDS. LTD.,2011-06-30,3,389.3266,365.0266,110.0736,62.1201,,14.4297,146.6875,126.0395,,,,30.155,0.0,37.6772,34.5289
239726,SUN PHARMACEUTICAL INDS. LTD.,2011-09-30,3,423.6951,398.136,100.8029,57.2415,,14.0139,190.5728,148.5017,363.5652,322.6676,,25.3187,0.0,44.9787,37.2993
239726,SUN PHARMACEUTICAL INDS. LTD.,2011-12-31,3,408.5282,408.1105,98.1059,54.7699,,14.6997,177.8209,151.0777,,,,24.039,0.0,43.5272,37.0188
239726,SUN PHARMACEUTICAL INDS. LTD.,2012-03-31,3,506.339,464.237,118.8761,69.1433,,16.3464,233.4082,179.6972,414.7169,413.0795,197.2696,25.6068,0.0,46.0972,38.7081
239726,SUN PHARMACEUTICAL INDS. LTD.,2012-06-30,3,478.9345,478.9345,104.8617,62.6843,,14.3031,216.841,164.3976,,,,21.8948,0.0,45.2757,34.3257
239726,SUN PHARMACEUTICAL INDS. LTD.,2012-09-30,3,518.8332,487.8346,108.5727,65.3374,,15.1797,139.324,186.6706,449.2856,396.0843,157.7653,22.256,0.0,26.8533,16.3578
239726,SUN PHARMACEUTICAL INDS. LTD.,2012-12-31,3,539.0108,524.3445,100.4904,70.8357,,15.4495,247.8874,189.0959,,,,19.165,0.0,45.9893,36.0633
239726,SUN PHARMACEUTICAL INDS. LTD.,2013-03-31,3,586.1422,567.4268,106.3539,80.7677,,16.3076,253.1496,202.9384,473.8164,443.3904,194.4684,18.7432,0.0,43.1891,35.7647
239726,SUN PHARMACEUTICAL INDS. LTD.,2013-06-30,3,612.6358,599.8216,107.4111,86.2111,,16.7511,-152.6452,232.0785,,,,17.9072,0.0,-24.9161,-33.1787
239726,SUN PHARMACEUTICAL INDS. LTD.,2013-09-30,3,676.3118,659.834,113.7076,83.1769,,15.761,305.5476,244.6649,471.8574,482.748,211.764,17.2328,0.0,45.1785,37.0798
239726,SUN PHARMACEUTICAL INDS. LTD.,2013-12-31,3,718.2682,696.5626,127.1065,83.4078,,16.9552,344.9006,287.4837,,,,18.2477,0.0,48.0184,41.2718
239726,SUN PHARMACEUTICAL INDS. LTD.,2014-03-31,3,696.9614,665.1932,117.4796,85.9393,,17.3895,326.8807,289.1943,511.8514,360.6418,217.6976,17.661,0.0,46.9008,43.4752
239726,SUN PHARMACEUTICAL INDS. LTD.,2014-06-30,3,674.3534,658.8873,129.7356,94.9997,,21.4312,305.5347,247.5293,,,,19.6901,0.0,45.3078,37.5678
248093,TATA MOTORS LTD.,2005-06-30,3,1034.9907,1030.8632,762.6274,88.976,,33.9858,130.4849,60.4714,,,,73.9795,0.0,12.6073,5.8661
248093,TATA MOTORS LTD.,2005-09-30,3,1251.0492,1236.1823,872.7198,89.8182,,33.9189,168.1669,90.4216,,,,70.598,0.0,13.4421,7.3146
248093,TATA MOTORS LTD.,2005-12-31,3,1349.099,1307.8573,902.9236,106.2799,,36.6696,208.7851,121.6725,,,,69.0384,0.0,15.4759,9.3032
248093,TATA MOTORS LTD.,2006-03-31,3,1771.7116,1768.1259,1119.6734,115.9438,,35.7089,224.6824,120.5052,,,,63.3254,0.0,12.6817,6.7938
248093,TATA MOTORS LTD.,2006-06-30,3,1468.83,1462.0013,1064.6047,118.0858,,35.9436,172.5375,85.7053,,,,72.8183,0.0,11.7466,5.8552
248093,TATA MOTORS LTD.,2006-09-30,3,1699.8114,1674.8791,1159.5976,133.0695,,36.7078,218.8244,119.631,,,,69.2347,0.0,12.8735,7.1427
248093,TATA MOTORS LTD.,2006-12-31,3,1851.4804,1832.5242,1278.3228,139.4571,,37.9012,258.6116,139.4773,,,,69.7575,0.0,13.9678,7.6112
248093,TATA MOTORS LTD.,2007-03-31,3,2226.0304,2216.7244,1457.2441,144.4049,,41.8258,286.9269,153.5451,,,,65.7386,0.0,12.8896,6.9233
248093,TATA MOTORS LTD.,2007-06-30,3,1927.9087,1871.7009,1299.8855,156.7967,,43.037,262.6588,127.9263,,,,69.4494,0.0,13.624,6.8606
248093,TATA MOTORS LTD.,2007-09-30,3,2065.3594,2034.0183,1360.7933,165.5429,,46.6956,287.5087,149.6381,,,,66.9017,0.0,13.9205,7.3568
248093,TATA MOTORS LTD.,2007-12-31,3,2376.5517,2342.4138,1609.1709,180.4691,,50.0989,353.9376,175.5857,,,,68.6971,0.0,14.8929,7.4959
248093,TATA MOTORS LTD.,2008-03-31,3,2623.666,2622.8805,1793.9896,179.9701,,54.6725,260.1724,119.4895,,,,68.3977,0.0,9.9164,4.5370
248093,TATA MOTORS LTD.,2008-06-30,3,3442.8818,3383.9748,2442.5035,290.3433,,83.865,359.7291,173.872,,,,72.1785,0.0,10.4485,5.1381
248093,TATA MOTORS LTD.,2008-09-30,3,5139.4237,5045.9464,3410.5763,473.6327,,141.9322,88.1266,-203.6037,,,,67.5904,0.0,1.7147,-4.0350
248093,TATA MOTORS LTD.,2008-12-31,3,3695.5177,3639.5207,2109.5907,419.8294,,134.0758,-253.368,-558.6706,,,,57.9634,0.0,-6.8561,-14.6799
248093,TATA MOTORS LTD.,2009-03-31,3,3036.4072,3063.7536,2141.5298,361.8821,,165.677,304.2458,77.1809,,,,69.8989,0.0,10.0199,1.7632
248093,TATA MOTORS LTD.,2009-06-30,3,3586.3531,3448.1324,2355.9037,427.7969,,176.7148,243.488,-68.8204,,,,68.324,0.0,6.7893,-1.9959
248093,TATA MOTORS LTD.,2009-09-30,3,4442.5245,4353.6187,3001.9179,474.3233,,175.0535,354.7087,15.9066,2424.4584,1092.8014,,68.9522,0.0,7.9844,0.1033
248093,TATA MOTORS LTD.,2009-12-31,3,5575.4364,5570.2745,3626.6159,487.9069,,280.3345,592.2389,166.335,,,,65.1066,0.0,10.6223,2.5633
248093,TATA MOTORS LTD.,2010-03-31,3,6556.4816,6370.3108,4381.9926,469.3283,,195.1207,899.1538,532.2366,2486.2697,1580.5486,,68.7877,0.0,13.714,7.7375
248093,TATA MOTORS LTD.,2010-06-30,3,5821.1084,5810.3426,3732.2596,461.4825,,217.2342,829.8511,428.438,,,,64.2348,0.0,14.2559,7.3737
248093,TATA MOTORS LTD.,2010-09-30,3,6236.4863,6199.1297,4218.9948,494.3354,,237.9861,907.1801,485.656,2861.7439,1378.4137,,68.0579,0.0,14.5463,7.8343
248093,TATA MOTORS LTD.,2010-12-31,3,6970.4157,6962.393,4477.153,537.3402,,274.3079,994.7364,539.249,,,,64.3048,0.0,14.2708,7.7452
248093,TATA MOTORS LTD.,2011-03-31,3,7921.7817,7843.399,5298.4585,554.1337,,291.2591,1072.3591,590.7312,3127.5098,1450.4829,6202.1272,67.5531,0.0,13.5368,7.5316
248093,TATA MOTORS LTD.,2011-06-30,3,7461.0651,7421.9541,5125.4175,578.0036,,254.8883,970.8128,446.7,,,,69.0575,0.0,13.0117,6.0186
248093,TATA MOTORS LTD.,2011-09-30,3,7634.8689,7598.3795,5229.5496,601.524,,279.3581,889.7866,401.1167,3564.1718,1456.1038,,68.8245,0.0,11.6542,5.2790
248093,TATA MOTORS LTD.,2011-12-31,3,8626.0965,8593.5661,5882.3318,608.955,,306.8186,1297.5662,650.5916,,,,68.4504,0.0,15.0423,7.5707
248093,TATA MOTORS LTD.,2012-03-31,3,10513.3378,10116.2292,6581.734,721.978,,305.109,1702.0885,915.939,3619.82,1636.7943,7290.1695,65.0611,0.0,16.1898,12.2927
248093,TATA MOTORS LTD.,2012-06-30,3,7774.801,7732.2167,5302.7682,676.368,,279.4699,983.6873,405.5899,,,,68.5802,0.0,12.6523,5.2455
248093,TATA MOTORS LTD.,2012-09-30,3,7989.0708,7948.4011,5260.7983,736.0134,,291.9818,1012.191,388.8103,3993.3029,1376.9123,6948.4322,66.1869,0.0,12.6697,4.8333
248093,TATA MOTORS LTD.,2012-12-31,3,8469.4725,8433.7316,5692.0291,796.5214,,378.7755,1039.1883,300.5856,,,,67.4912,0.0,12.2698,3.5641
248093,TATA MOTORS LTD.,2013-03-31,3,10369.4604,10293.6612,6204.804,815.1154,,431.2755,1500.5422,728.4916,3866.764,2014.4768,8255.3093,60.2779,0.0,14.4708,7.0771
248093,TATA MOTORS LTD.,2013-06-30,3,8044.9584,8013.6156,5443.2874,765.9402,,403.3567,1064.41,298.9715,,,,67.9255,0.0,13.2308,3.7308
248093,TATA MOTORS LTD.,2013-09-30,3,8958.8217,8922.4167,5390.7071,812.3685,,428.1035,1346.9219,557.235,4327.1814,1750.6749,7530.3559,60.4176,0.0,15.0346,6.2453
248093,TATA MOTORS LTD.,2013-12-31,3,10339.3506,10313.8379,6349.1778,947.3803,,462.0055,1613.0951,777.4635,,,,61.5598,0.0,15.6015,7.5381
248093,TATA MOTORS LTD.,2014-03-31,3,10747.0384,10705.2709,6723.711,996.6254,,512.2562,1610.9024,645.5568,4469.6119,1733.0826,9393.8653,62.8075,0.0,14.9893,6.0303
248093,TATA MOTORS LTD.,2014-06-30,3,10881.3156,10829.0762,6626.0633,974.7969,,498.8339,1917.6755,907.1064,,,,61.1877,0.0,17.6236,8.3766
248136,TATA STEEL LTD.,2004-06-30,3,749.9863,740.0051,192.6426,80.4862,39.8322,35.6381,318.8534,171.0435,,,,26.0326,5.3827,42.5146,23.1138
248136,TATA STEEL LTD.,2004-09-30,3,889.438,867.3872,185.012,86.7476,39.4181,35.6804,377.8529,216.1022,,,,21.3298,4.5445,42.4822,24.9142
248136,TATA STEEL LTD.,2004-12-31,3,926.3263,909.3141,242.8059,83.012,40.9842,35.2043,375.8924,210.1527,,,,26.7021,4.5072,40.5788,23.1256
248136,TATA STEEL LTD.,2005-03-31,3,1070.1648,1060.3616,314.5342,92.3941,43.1312,37.5235,342.8084,212.7855,,,,29.6629,4.0676,32.0332,20.0673
248136,TATA STEEL LTD.,2005-06-30,3,1131.8133,1120.8395,414.3611,93.7436,52.9024,43.6471,390.4084,228.0233,,,,36.9688,4.7199,34.4941,20.3440
248136,TATA STEEL LTD.,2005-09-30,3,1190.1381,1164.0431,336.4772,101.8364,51.2632,44.8943,423.4103,254.9452,,,,28.9059,4.4039,35.5766,21.9017
248136,TATA STEEL LTD.,2005-12-31,3,1113.446,1100.5882,391.6509,99.5432,52.1212,56.4919,333.264,181.0562,,,,35.5856,4.7358,29.9309,16.4509
248136,TATA STEEL LTD.,2006-03-31,3,1218.3427,1197.2533,367.9474,101.2547,62.7694,48.359,333.7425,175.2173,,,,30.7326,5.2428,27.3932,15.2721
248136,TATA STEEL LTD.,2006-06-30,3,1276.1103,1248.003,433.9764,98.644,,51.7115,395.7421,224.6919,,,,34.7737,0.0,31.0116,18.0041
248136,TATA STEEL LTD.,2006-09-30,3,1345.2766,1306.3052,450.4347,110.3836,,53.3445,430.5653,249.1511,,,,34.4816,0.0,32.0057,19.0730
248136,TATA STEEL LTD.,2006-12-31,3,1365.0495,1337.6715,429.8334,118.274,71.6262,54.9194,439.8324,241.0064,,,,32.133,5.3545,32.221,18.0169
248136,TATA STEEL LTD.,2007-03-31,3,1722.8697,1696.6849,668.876,131.3103,80.81,63.9766,463.9993,223.7635,,,,39.4225,4.7628,26.9318,13.1883
248136,TATA STEEL LTD.,2007-06-30,3,8828.2837,7643.0753,3445.4784,994.6654,276.1559,248.323,2328.5989,590.1197,,,,45.0797,3.6132,26.3766,20.4644
248136,TATA STEEL LTD.,2007-09-30,3,8555.1636,8042.0451,3628.0367,993.0714,286.356,253.2152,1654.1646,369.8835,,,,45.1134,3.5607,19.3353,10.3027
248136,TATA STEEL LTD.,2007-12-31,3,8193.7804,8087.8651,3604.1557,1072.9894,310.1699,254.5233,1087.2084,331.9244,,,,44.5625,3.835,13.2687,4.5589
248136,TATA STEEL LTD.,2008-03-31,3,8880.9021,8928.1854,4294.3377,1141.3743,353.0789,272.3662,1067.1314,378.0859,,,,48.0987,3.9547,12.016,3.6529
248136,TATA STEEL LTD.,2008-06-30,3,10193.6385,10157.9099,4879.993,1124.4745,377.3424,258.0523,1596.7212,1018.8884,,,,48.0413,3.7148,15.6639,9.2305
248136,TATA STEEL LTD.,2008-09-30,3,9734.6765,9696.3743,5342.7574,1041.5569,388.2122,251.7338,1764.1142,1058.1995,,,,55.1006,4.0037,18.122,10.8729
248136,TATA STEEL LTD.,2008-12-31,3,6883.1542,6825.2391,3616.1211,915.9901,297.2705,223.0916,577.792,164.0931,,,,52.9816,4.3555,8.3943,2.4515
248136,TATA STEEL LTD.,2009-03-31,3,5116.2525,5163.4675,1973.0557,772.7184,219.1772,181.187,-641.2429,-182.9359,,,,38.2118,4.2448,-12.5334,-17.6977
248136,TATA STEEL LTD.,2009-06-30,3,4924.4897,4875.561,2210.5703,829.4393,202.0091,227.946,-3.1126,-416.5313,,,,45.3398,4.1433,-0.0632,-9.4824
248136,TATA STEEL LTD.,2009-09-30,3,5252.5842,5242.6954,2516.3288,900.2723,209.0778,238.1392,-101.4928,-367.1677,3952.4143,2519.2191,,47.9969,3.988,-1.9322,-10.5920
248136,TATA STEEL LTD.,2009-12-31,3,5718.8655,5619.1315,2421.5055,900.6777,232.567,247.626,690.5233,146.5001,,,,43.0939,4.1388,12.0745,1.8602
248136,TATA STEEL LTD.,2010-03-31,3,6169.4492,6045.0481,2214.1874,868.5898,217.3678,240.571,1089.7688,609.9279,4107.1344,2530.3178,,36.6281,3.5958,17.664,8.7884
248136,TATA STEEL LTD.,2010-06-30,3,5861.665,5840.0026,2420.157,840.2238,208.6053,224.1922,960.762,406.2387,,,,41.441,3.572,16.3906,6.7359
248136,TATA STEEL LTD.,2010-09-30,3,6403.8261,6226.7287,2872.4992,857.7465,216.6429,234.3431,968.4405,434.7617,5509.7967,2531.8964,,46.1318,3.4792,15.1228,6.8719
248136,TATA STEEL LTD.,2010-12-31,3,6472.195,6441.5478,3151.8299,826.4624,228.3836,249.4315,765.8877,186.6069,,,,48.9297,3.5455,11.8335,3.3174
248136,TATA STEEL LTD.,2011-03-31,3,8107.614,7518.152,3463.0881,944.5382,225.6927,259.2538,1599.6199,417.3729,5346.8565,3292.306,4102.6195,46.063,3.002,19.7298,12.2905
248136,TATA STEEL LTD.,2011-06-30,3,8283.1481,7357.6021,3919.2006,943.4605,269.6191,256.5761,1919.3143,1186.5165,,,,53.2674,3.6645,23.1713,16.1264
248136,TATA STEEL LTD.,2011-09-30,3,6959.3291,6884.7445,3235.9226,835.6959,247.8416,232.7487,676.5011,33.2189,5740.6446,3087.1165,,47.0013,3.5999,9.7208,0.4825
248136,TATA STEEL LTD.,2011-12-31,3,6337.3649,6285.2817,3395.5981,815.2678,237.554,221.0106,415.3597,-126.5902,,,,54.0246,3.7795,6.5541,-2.0141
248136,TATA STEEL LTD.,2012-03-31,3,6839.9678,6756.0698,3110.5876,938.3582,253.2321,217.2108,715.5833,80.1542,5086.7397,2956.5964,4079.3574,46.0414,3.7482,10.4618,1.1864
248136,TATA STEEL LTD.,2012-06-30,3,6095.2222,6036.2663,3163.0876,853.557,248.1903,233.4428,666.3591,99.5877,,,,52.4014,4.1117,10.9325,1.6498
248136,TATA STEEL LTD.,2012-09-30,3,6299.5158,6250.7518,2789.4729,831.2926,251.5282,244.4685,471.8107,-71.6847,5012.9583,2663.9423,3634.4967,44.6262,4.024,7.4896,-1.1468
248136,TATA STEEL LTD.,2012-12-31,3,5888.5963,5875.156,2510.2545,866.832,264.067,267.6792,419.51,-141.0913,,,,42.7266,4.4946,7.1241,-2.4015
248136,TATA STEEL LTD.,2013-03-31,3,6544.2631,6369.08,2287.3455,892.0322,247.5563,270.1189,-570.1325,310.3308,4428.1857,2572.2205,4003.1542,35.9133,3.8868,-8.7119,-19.2424
248136,TATA STEEL LTD.,2013-06-30,3,5652.1109,5617.6241,2507.807,820.4592,250.6002,240.3016,664.9731,194.5486,,,,44.6418,4.461,11.765,3.4632
248136,TATA STEEL LTD.,2013-09-30,3,5780.4449,5748.0287,2406.5827,811.0917,246.5676,226.5008,613.6284,149.6813,4615.1201,2345.8851,4159.6198,41.868,4.2896,10.6156,2.6040
248136,TATA STEEL LTD.,2013-12-31,3,5936.8764,5933.717,2652.6895,805.3603,226.9816,245.8541,650.3118,80.8428,,,,44.7054,3.8253,10.9538,1.3624
248136,TATA STEEL LTD.,2014-03-31,3,6972.585,6953.8221,2760.219,877.7248,261.4466,241.2348,832.5499,183.5333,,,,39.6936,3.7598,11.9403,2.5313
248136,TATA STEEL LTD.,2014-06-30,3,6356.2088,6098.5741,2534.5291,943.2804,268.9856,259.5449,708.9805,322.8457,,,,41.5594,4.4106,11.1541,0.9656
248165,TATA POWER CO. LTD.,2008-06-30,3,965.1028,950.3363,592.6133,35.9598,,35.5885,176.7118,62.2279,,,,62.3583,0.0,18.3102,6.5514
248165,TATA POWER CO. LTD.,2008-09-30,3,1052.4186,1017.7684,643.7297,35.8748,,39.2459,224.7213,118.5914,,,,63.2491,0.0,21.3528,11.9807
248165,TATA POWER CO. LTD.,2008-12-31,3,960.6245,950.1109,546.8619,28.3727,,33.2676,221.2126,111.7206,,,,57.5577,0.0,23.028,11.7671
248165,TATA POWER CO. LTD.,2009-03-31,3,1040.7522,923.8634,466.5636,30.7037,,31.9061,161.2891,29.3862,,,,50.5014,0.0,15.4974,-0.8390
248165,TATA POWER CO. LTD.,2009-06-30,3,1030.1987,1015.7891,526.9417,38.7013,,42.0881,266.7582,122.0339,,,,51.8751,0.0,25.8939,12.0160
248165,TATA POWER CO. LTD.,2009-09-30,3,1003.0327,981.3352,534.6116,51.2811,,46.3305,217.7816,80.1794,,,,54.478,0.0,21.7123,8.3356
248165,TATA POWER CO. LTD.,2009-12-31,3,987.1413,968.4238,497.255,39.6333,,47.3493,120.045,38.6361,,,,51.3468,0.0,12.1609,3.4032
248165,TATA POWER CO. LTD.,2010-03-31,3,1160.9609,1069.0162,525.2758,40.2106,,50.8594,353.9584,227.4891,,,,49.1364,0.0,30.4884,21.9433
248165,TATA POWER CO. LTD.,2010-06-30,3,1144.8593,1113.4749,617.7324,43.0027,,50.4676,226.3119,76.874,,,,55.4779,0.0,19.7677,6.9040
248165,TATA POWER CO. LTD.,2010-09-30,3,1116.1782,1045.4275,501.3194,43.0843,,53.6918,317.9423,161.46,,,,47.9535,0.0,28.4849,15.4444
248165,TATA POWER CO. LTD.,2010-12-31,3,1002.4956,983.3965,456.7673,51.0108,,55.1273,252.6246,104.5437,,,,46.4479,0.0,25.1996,10.6309
248165,TATA POWER CO. LTD.,2011-03-31,3,1149.9617,1114.8112,550.1084,43.8147,,55.4085,306.7471,151.8643,250.8897,350.2951,618.0331,49.3454,0.0,26.6746,13.6224
248165,TATA POWER CO. LTD.,2011-06-30,3,1328.3213,1298.6123,650.6004,54.2186,,60.6174,357.2432,114.3477,,,,50.0997,0.0,26.8943,8.8054
248165,TATA POWER CO. LTD.,2011-09-30,3,1343.7199,1318.7359,674.9562,63.5096,,64.3639,-11.814,-42.7763,,,,51.1821,0.0,-0.8792,-18.2648
248165,TATA POWER CO. LTD.,2011-12-31,3,1353.8912,1264.5099,606.612,58.9433,,65.8564,250.6949,89.4497,,,,47.9721,0.0,18.5166,4.6414
248165,TATA POWER CO. LTD.,2012-03-31,3,1456.3937,1437.6647,715.6072,57.6456,,81.3326,113.936,48.2761,334.7754,451.3543,546.4956,49.7757,0.0,7.8232,-7.9071
248165,TATA POWER CO. LTD.,2012-06-30,3,1314.1103,1294.6439,683.1465,55.29,,90.3034,263.7819,35.0509,,,,52.7671,0.0,20.073,2.7074
248165,TATA POWER CO. LTD.,2012-09-30,3,1429.3701,1409.5664,789.1744,63.2387,,99.2642,244.3202,35.3332,,,,55.987,0.0,17.0929,-0.7060
248165,TATA POWER CO. LTD.,2012-12-31,3,1674.0562,1654.0669,917.7753,61.0551,,107.4695,234.1214,58.6305,,,,55.486,0.0,13.9853,-3.0930
248165,TATA POWER CO. LTD.,2013-03-31,3,1673.005,1660.2505,873.4436,61.4254,,76.5327,349.6054,47.8235,372.4915,607.4917,650.8413,52.6091,0.0,20.8969,2.8805
248165,TATA POWER CO. LTD.,2013-06-30,3,1611.0106,1599.3318,841.238,56.5379,,111.4456,315.6336,-7.8122,,,,52.5993,0.0,19.5923,-0.4885
248165,TATA POWER CO. LTD.,2013-09-30,3,1386.5065,1374.808,722.5535,48.218,,108.0827,274.6184,20.9264,413.6915,698.4523,660.1634,52.5567,0.0,19.8065,1.5221
248165,TATA POWER CO. LTD.,2013-12-31,3,1417.3813,1405.2621,666.5579,52.1771,,107.5007,274.8864,3.8911,,,,47.433,0.0,19.394,-0.0493
248165,TATA POWER CO. LTD.,2014-03-31,3,1461.4957,1449.5853,723.0636,63.7165,,118.699,310.4533,-8.326,339.8023,744.5193,749.664,49.8807,0.0,21.2422,-0.8077
248165,TATA POWER CO. LTD.,2014-06-30,3,1484.2351,1467.5284,790.3925,62.0753,,90.8293,290.9425,-8.3324,,,,53.8588,0.0,19.6022,-0.6044
272724,WIPRO LTD.,2002-06-30,3,192.4336,184.1708,39.866,27.8639,1.7073,6.7311,41.3364,35.4263,,,,21.6462,0.927,21.4809,16.0110
272724,WIPRO LTD.,2002-09-30,3,222.2738,216.7641,43.3181,34.5674,1.8146,7.5142,59.8865,45.4341,,,,19.984,0.8371,26.9427,21.1868
272724,WIPRO LTD.,2003-06-30,3,260.2732,253.7305,35.9995,103.1942,2.3614,8.6472,57.9332,44.1799,,,,14.1881,0.9307,22.2586,17.4189
272724,WIPRO LTD.,2003-09-30,3,639.6768,627.594,96.4657,259.4018,5.1493,21.3193,147.6123,111.3467,,,,15.3707,0.8205,23.0761,17.6466
272724,WIPRO LTD.,2003-12-31,3,,,,,,,,,,,,0.0,0.0,0.0,0
272724,WIPRO LTD.,2004-03-31,3,405.1334,393.5172,71.0744,152.3965,2.5592,12.7136,101.5111,68.9529,,,,18.0613,0.6503,25.0562,18.2448
272724,WIPRO LTD.,2004-06-30,3,395.152,387.5503,55.7322,158.8676,3.0802,11.2993,103.8868,76.9775,,,,14.3806,0.7948,26.2903,20.3609
272724,WIPRO LTD.,2004-09-30,3,435.9355,430.9852,58.9938,173.2024,3.332,12.3736,117.7315,92.1361,,,,13.6881,0.7731,27.0066,20.8349
272724,WIPRO LTD.,2004-12-31,3,485.9665,478.0243,71.0657,203.8021,3.7699,14.9203,129.5486,97.5412,,,,14.8666,0.7886,26.6579,20.4360
272724,WIPRO LTD.,2005-03-31,3,534.0536,525.9121,100.4189,202.8725,3.7835,16.3745,132.3507,99.4255,,,,19.0942,0.7194,24.7823,18.9154
272724,WIPRO LTD.,2005-06-30,3,526.9525,520.1682,70.1121,228.7185,5.0314,16.6866,129.4799,98.1556,,,,13.4787,0.9673,24.5715,18.8850
272724,WIPRO LTD.,2005-09-30,3,578.047,566.7073,84.5377,240.0715,5.1939,17.1075,144.9341,108.7632,,,,14.9173,0.9165,25.0731,19.2066
272724,WIPRO LTD.,2005-12-31,3,615.4736,605.3806,77.7295,249.7552,5.282,16.9392,157.1984,119.2034,,,,12.8398,0.8725,25.541,19.6682
272724,WIPRO LTD.,2006-09-30,3,788.4044,774.5929,106.5892,329.3294,,21.3135,196.6349,151.818,,,,13.7607,0.0,24.9409,19.5997
272724,WIPRO LTD.,2006-12-31,3,910.0897,889.5204,158.9757,370.189,6.2956,22.6417,218.3154,171.475,,,,17.8721,0.7077,23.9883,19.2780
272724,WIPRO LTD.,2007-06-30,3,1057.7383,1025.9762,175.93,443.6389,,28.8679,234.5243,177.794,,,,17.1476,0.0,22.1722,17.3293
272724,WIPRO LTD.,2007-09-30,3,1213.0144,1186.0932,225.062,484.0109,,30.8627,269.1621,204.1894,,,,18.9751,0.0,22.1895,17.2153
272724,WIPRO LTD.,2007-12-31,3,1378.6004,1353.854,245.284,555.6542,,36.2069,300.1775,216.8103,,,,18.1175,0.0,21.7741,16.0143
272724,WIPRO LTD.,2008-03-31,3,1439.0176,1420.4085,270.8101,574.824,,37.3668,307.1113,218.452,,,,19.0656,0.0,21.3417,15.3795
272724,WIPRO LTD.,2008-06-30,3,1428.7716,1401.518,259.5049,58.6175,,36.8519,307.5899,212.284,,,,18.516,0.0,21.5283,15.1467
272724,WIPRO LTD.,2008-09-30,3,1465.0601,1430.8665,303.3755,572.2939,,36.4542,313.2956,215.1699,,,,21.2022,0.0,21.3845,15.0377
272724,WIPRO LTD.,2008-12-31,3,1394.7646,1363.9064,218.3714,575.8821,,36.0389,298.1586,206.7148,,,,16.0107,0.0,21.377,15.1561
272724,WIPRO LTD.,2009-03-31,3,1282.5678,1259.2619,217.8733,541.4041,,38.0624,281.0765,196.3827,,,,17.3017,0.0,21.9151,15.5951
272724,WIPRO LTD.,2009-06-30,3,1330.6512,1307.4585,191.1516,563.8888,,39.1011,301.4217,212.5232,,,,14.6201,0.0,22.6522,16.2547
272724,WIPRO LTD.,2009-09-30,3,1454.6367,1428.129,277.2359,548.1132,,43.0646,341.874,242.8833,,942.0528,,19.4125,0.0,23.5024,17.0071
272724,WIPRO LTD.,2009-12-31,3,1518.8934,1496.3328,256.7231,553.8923,,42.5692,355.415,258.6961,,,,17.1568,0.0,23.3996,17.2887
272724,WIPRO LTD.,2010-03-31,3,1574.0472,1542.0678,262.2753,613.4775,,41.4963,374.478,266.715,,,,17.008,0.0,23.7908,17.2959
272724,WIPRO LTD.,2010-06-30,3,1586.4446,1554.0594,246.6471,631.6185,,40.46,384.0909,284.616,,,,15.8712,0.0,24.2108,18.3144
272724,WIPRO LTD.,2010-09-30,3,1715.4365,1680.3535,261.2748,692.0522,,42.7778,382.8915,282.5115,,1265.5309,,15.5488,0.0,22.3204,16.8126
272724,WIPRO LTD.,2010-12-31,3,1776.0319,1733.7148,265.1957,703.9113,,46.0151,406.2526,293.6064,,,,15.2964,0.0,22.8742,16.9351
272724,WIPRO LTD.,2011-03-31,3,1889.9743,1833.8279,300.6702,751.9532,,50.7007,429.7447,307.0272,215.7615,1369.8085,934.0846,16.3958,0.0,22.7381,16.7424
272724,WIPRO LTD.,2011-06-30,3,1955.0163,1897.984,345.3819,785.2305,,52.1272,436.8164,298.7171,,,,18.1973,0.0,22.3434,15.7387
272724,WIPRO LTD.,2011-09-30,3,1949.2008,1896.4493,277.4647,797.968,,52.8984,411.6418,272.8675,,1689.7048,,14.6307,0.0,21.1185,14.3883
272724,WIPRO LTD.,2011-12-31,3,1935.0986,1885.9982,289.4569,764.5877,,49.4422,419.7837,278.6913,,,,15.3477,0.0,21.6931,14.7769
272724,WIPRO LTD.,2012-03-31,3,1755.1617,1683.7828,114.8779,776.5634,,48.0893,427.4586,296.3257,211.8713,1596.2482,939.0935,6.8226,0.0,24.3544,17.5988
272724,WIPRO LTD.,2012-06-30,3,1714.0817,1644.5119,147.2604,776.9409,,43.798,418.9898,283.7587,,,,8.9547,0.0,24.444,17.2549
272724,WIPRO LTD.,2012-09-30,3,1764.373,1691.2123,138.1355,815.4262,,46.68,437.5176,296.1224,221.5149,1530.7531,899.3001,8.1678,0.0,24.7973,17.5095
272724,WIPRO LTD.,2012-12-31,3,1830.7929,1754.506,140.9541,831.7993,,45.2341,451.4264,315.724,,,,8.0338,0.0,24.6574,17.9950
272724,WIPRO LTD.,2013-03-31,3,1851.7504,1766.9775,136.8644,847.7838,,44.6473,444.2672,319.332,59.977,1408.6229,883.5163,7.7457,0.0,23.9917,18.0722
272724,WIPRO LTD.,2013-06-30,3,1724.3074,1666.7523,115.9151,827.5881,,42.8281,403.5194,279.4189,,,,6.9545,0.0,23.4018,16.7643
272724,WIPRO LTD.,2013-09-30,3,1777.4944,1723.9746,108.2788,827.11,,41.0339,446.2598,304.6802,51.7003,1224.8538,797.6678,6.2808,0.0,25.1061,17.6731
272724,WIPRO LTD.,2013-12-31,3,1891.22,1829.6471,123.2267,852.653,,50.2178,490.0477,327.4415,,,,6.735,0.0,25.9117,17.8964
272724,WIPRO LTD.,2014-03-31,3,1983.0695,1918.1827,141.2791,864.0968,,47.2023,535.1067,366.9813,37.5815,1399.5476,856.4592,7.3653,0.0,26.9838,19.1317
272724,WIPRO LTD.,2014-06-30,3,1953.6687,1882.7002,110.0104,902.1994,,47.4463,516.3844,354.5915,,,,5.8432,0.0,26.4315,18.8342
374518,BAJAJ AUTO LTD.,2007-06-30,3,525.249,525.1092,374.5153,24.2765,,10.1908,73.9087,41.3814,,,,71.3214,0.0,14.0712,7.8805
374518,BAJAJ AUTO LTD.,2008-03-31,3,521.4599,510.5992,384.0205,34.3933,,10.3254,60.9193,34.0935,,,,75.2098,0.0,11.6824,6.6830
374518,BAJAJ AUTO LTD.,2008-06-30,3,546.1467,546.0929,400.4741,25.6726,,7.8795,63.8463,36.3942,,,,73.3344,0.0,11.6903,6.6645
374518,BAJAJ AUTO LTD.,2009-03-31,3,374.0367,367.5993,250.4938,30.653,,6.1427,32.4585,13.6049,,,,68.1432,0.0,8.6779,3.6904
